,시도교육청코드,시도교육청명,표준학교코드,학교명,영문학교명,학교종류명,소재지명,시군구,관할조직명,설립명,도로명우편번호,도로명주소,도로명상세주소,전화번호,홈페이지주소,남녀공학구분명,팩스번호,고등학교구분명,산업체특별학급존재여부,고등학교일반실업구분명,특수목적고등학교계열명,입시전후기구분명,주야구분명,설립일자,개교기념일,위도,경도
0,B10,서울특별시교육청,7010057,가락고등학교,Garak High School,고등학교,서울특별시,송파구,서울특별시교육청,공립,5678,서울특별시 송파구 송이로 42,(송파동/가락고등학교),02-416-4658,http://garak.sen.hs.kr,남여공학,02-421-9669,일반고,N,일반계,,후기,주간,19881223,19890428,37.5010757915029,127.116425831354
1,B10,서울특별시교육청,7011169,가재울고등학교,Gajaeul High School,고등학교,서울특별시,서대문구,서울특별시교육청,공립,3709,서울특별시 서대문구 수색로 100-35,(북가좌동),02-6351-0500,http://www.gajaeul.hs.kr,남여공학,02-307-6605,일반고,N,일반계,,후기,주간,20130301,20130501,37.5743637013203,126.909529666957
2,B10,서울특별시교육청,7010117,강동고등학교,Kangdong High School,고등학교,서울특별시,강동구,서울특별시교육청,사립,5279,서울특별시 강동구 구천면로 572,(상일동),02-427-0231,http://kangdong.sen.hs.kr,남여공학,02-441-3494,일반고,N,일반계,,후기,주간,19841217,19850908,37.5499166487971,127.160668324892
3,B10,서울특별시교육청,7010118,강서고등학교,Gangseo High School,고등학교,서울특별시,양천구,서울특별시교육청,사립,7958,서울특별시 양천구 목동중앙남로 27,/ 강서고등학교 (목동),02-2642-0725,http://gangseo.sen.hs.kr,남,02-2651-3046,일반고,N,일반계,,후기,주간,19831101,19831101,37.5363155693554,126.865771125825
4,B10,서울특별시교육청,7010270,강서공업고등학교,Gangseo Technical High School,고등학교,서울특별시,강서구,서울특별시교육청,공립,7514,서울특별시 강서구 방화대로47길 9,(방화동/강서공업고등학교),02-2666-2106,https://gangseo-th.sen.hs.kr/,남여공학,02-2666-2161,특성화고,N,전문계,,전기,주간,19940105,19940105,37.5760340875363,126.816181657979
5,B10,서울특별시교육청,7010958,강일고등학교,GANGIL HIGH SCHOOL,고등학교,서울특별시,강동구,서울특별시교육청,공립,5213,서울특별시 강동구 아리수로98길 40,(강일동),02-428-6200,http://www.gang-il.hs.kr,남여공학,02-428-6810,일반고,N,일반계,,후기,주간,20100301,20100404,37.5638280994729,127.177903473129
6,B10,서울특별시교육청,7010058,개포고등학교,Gaepo High School,고등학교,서울특별시,강남구,서울특별시교육청,공립,6324,서울특별시 강남구 개포로 402,(개포동/ 개포고등학교),02-576-3333,http://www.gaepo.hs.kr,남여공학,02-571-6560,일반고,N,일반계,,후기,주간,19870512,19870512,37.4849602867225,127.059406502269
7,B10,서울특별시교육청,7010119,건국대학교사범대학부속고등학교,Konkuk University High School,고등학교,서울특별시,광진구,서울특별시교육청,사립,5029,서울특별시 광진구 능동로 120,/ 건국대학교사범대학부속고등학교 (화양동),070-7012-3500,http://konkuk.sen.hs.kr,남여공학,02-456-0646,일반고,N,일반계,,후기,주간,19800131,19800515,37.539182674872,127.074711902268
8,B10,서울특별시교육청,7010059,경기고등학교,Kyunggi High School,고등학교,서울특별시,강남구,서울특별시교육청,공립,6086,서울특별시 강남구 영동대로 643,/ 경기고등학교 (삼성동),02-3496-7300,http://kyunggi.hs.kr/,남,02-3496-7497,일반고,N,일반계,,후기,주간,19001003,19001003,37.517564539911,127.056075505663
9,B10,서울특별시교육청,7010271,경기기계공업고등학교,Gyeonggi Mechanical Technical High School,고등학교,서울특별시,노원구,서울특별시교육청,공립,1810,서울특별시 노원구 공릉로 264,(하계동),02-2289-1600,http://www.ggmt.hs.kr,남여공학,02-978-4327,특성화고,N,전문계,,전기,주간,19570215,19570215,37.6322400488783,127.074928451599
10,B10,서울특별시교육청,7010272,경기상업고등학교,Gyeonggi Commercial High School,고등학교,서울특별시,종로구,서울특별시교육청,공립,3047,서울특별시 종로구 자하문로 136,(청운동),02-737-6490,http://ggc.sen.hs.kr,남여공학,02-722-0504,특성화고,N,전문계,,전기,주간,19230206,19230514,37.5892585316989,126.970057092906
11,B10,서울특별시교육청,7010060,경기여자고등학교,Kyunggi Girls’High School,고등학교,서울특별시,강남구,서울특별시교육청,공립,6324,서울특별시 강남구 삼성로 29,/ 경기여자고등학교 (개포동),02-573-6797,http://www.kgg.hs.kr,여,02-575-1157,일반고,N,일반계,,후기,주간,19080401,19080401,37.4869571488922,127.066101597746
12,B10,서울특별시교육청,7010061,경동고등학교,Kyungdong High School,고등학교,서울특별시,성북구,서울특별시교육청,공립,2870,서울특별시 성북구 보문로29길 49,(삼선동3가/ 경동고등학교),02-928-2353,www.kyungdong.hs.kr,남,02-926-7525,자율고,N,일반계,,후기,주간,19400416,19400416,37.5866013303355,127.01603168441
13,B10,서울특별시교육청,7010120,경문고등학교,Kyungmoon High School,고등학교,서울특별시,동작구,서울특별시교육청,사립,6995,서울특별시 동작구 동작대로 171,/ 경문고등학교 (동작동),02-535-1301,http://kyungmoon.hs.kr/,남,02-535-1230,일반고,N,일반계,,전기,주간,19800124,19800507,37.4934188575707,126.982273400501
14,B10,서울특별시교육청,7010062,경복고등학교,Kyungbock High School,고등학교,서울특별시,종로구,서울특별시교육청,공립,3047,서울특별시 종로구 자하문로28가길 9,/ 경복고등학교 (청운동/경복고등학교),02-397-5301,http://kyungbock.sen.hs.kr,남,02-736-0422,일반고,N,일반계,,후기,주간,19210502,19210502,37.585945671102,126.971510913077
15,B10,서울특별시교육청,7010835,경복비즈니스고등학교,Kyungbok Business High School,고등학교,서울특별시,강서구,서울특별시교육청,사립,7589,서울특별시 강서구 화곡로 379,(등촌동),02-3661-3425,http://www.kbb.hs.kr,여,02-3661-8372,특성화고,N,전문계,,전기,주간,19721002,19721002,37.5580972589988,126.852670273321
16,B10,서울특별시교육청,7010122,경복여자고등학교,Kyungbok Girls’ High School,고등학교,서울특별시,강서구,서울특별시교육청,사립,7589,서울특별시 강서구 화곡로63길 40,/ 경복여자고등학교 (등촌동),02-3661-1741,http://www.kb.hs.kr,여,02-3661-3795,일반고,N,일반계,,후기,주간,19931002,19931002,37.5578218303652,126.850595718037
17,B10,서울특별시교육청,7010124,경성고등학교,Gyeongseong High School,고등학교,서울특별시,마포구,서울특별시교육청,사립,3977,서울특별시 마포구 성미산로 111,/ 경성고등학교 (연남동),02-3140-1168,http://www.gyeongseong.hs.kr,남,02-334-7533,일반고,N,일반계,,후기,주간,19671229,19671023,37.563510635781,126.919166278819
18,B10,서울특별시교육청,7010125,경신고등학교,Kyungshin High School,고등학교,서울특별시,종로구,서울특별시교육청,사립,3067,서울특별시 종로구 혜화로 74,(혜화동/경신중고등학교),02-762-0393,http://kyungshin.hs.kr,남,02-762-0387,일반고,N,일반계,,후기,주간,18850509,18850509,37.5922022663657,126.999531005507
19,B10,서울특별시교육청,7010563,경인고등학교,Kyeongin High School,고등학교,서울특별시,구로구,서울특별시교육청,공립,8275,서울특별시 구로구 경인로46길 31,/ 경인고등학교 (고척동),02-2618-3043,http://kyeongin.sen.hs.kr,남여공학,02-2618-3093,일반고,N,일반계,,후기,주간,20020301,20020516,37.4959926823743,126.86542887783
20,B10,서울특별시교육청,7010698,경일고등학교,Kyungil High School,고등학교,서울특별시,성동구,서울특별시교육청,공립,4779,서울특별시 성동구 성수일로 27,/ 경일고등학교 (성수동1가),02-463-3520,http://kyungil.sen.hs.kr,남여공학,02-463-4072,자율고,N,일반계,,후기,주간,20040506,20040506,37.5438298177401,127.047868294458
21,B10,서울특별시교육청,7010126,경희고등학교,Kyunghee High School,고등학교,서울특별시,동대문구,서울특별시교육청,사립,2447,서울특별시 동대문구 경희대로 26,(회기동/ 경희고등학교),02-966-3782,http://www.kyungheeboy.hs.kr/,남,02-962-3643,자율고,N,일반계,,전기,주간,19591212,19591212,37.5939491407769,127.054890960564
22,B10,서울특별시교육청,7010127,경희여자고등학교,Kyung Hee Girls’High School,고등학교,서울특별시,동대문구,서울특별시교육청,사립,2447,서울특별시 동대문구 경희대로 26,/ 경희여자고등학교 (회기동),02-966-4560,www.kyunghee.hs.kr,여,02-967-2429,일반고,N,일반계,,후기,주간,19600209,19600415,37.5939491407769,127.054890960564
23,B10,서울특별시교육청,7011312,계성고등학교,Gyeseong High School,고등학교,서울특별시,성북구,서울특별시교육청,사립,2720,서울특별시 성북구 길음로 63,/ 계성고등학교 (길음동),02-728-6100,gyeseong.sen.hs.kr,남여공학,02-776-7086,일반고,N,일반계,,후기,주간,19440908,19440908,37.6074935996761,127.020183575106
24,B10,서울특별시교육청,7010797,고려대학교사범대학부속고등학교,Korea University High School,고등학교,서울특별시,성북구,서울특별시교육청,사립,2708,서울특별시 성북구 정릉로 161,/ 고려대학교사범대학부속고등학교 (정릉동),02-914-7483,http://koreahi.hs.kr,남,02-942-0732,일반고,N,일반계,,후기,주간,19680311,19680311,37.607838568731,127.002830184796
25,B10,서울특별시교육청,7011487,고명외식고등학교,Komyung Food Service High School,고등학교,서울특별시,성북구,서울특별시교육청,사립,2828,서울특별시 성북구 북악산로 870,(돈암동),02-928-8366,http://komyung.sen.hs.kr,남여공학,02-924-6059,특성화고,N,전문계,,전기,주간,19560221,19560221,37.5976746822279,127.019186925653
26,B10,서울특별시교육청,7010063,고척고등학교,Gocheok High School,고등학교,서울특별시,구로구,서울특별시교육청,공립,8239,서울특별시 구로구 중앙로15길 162,/ 고척고등학교 (고척동/ 고척고등학교),02-2616-9813,http://gocheok.sen.hs.kr,남여공학,02-2615-7802,자율고,N,일반계,,후기,주간,19841215,19841217,37.5080493827144,126.849869103403
27,B10,서울특별시교육청,7010064,공항고등학교,Konghang High School,고등학교,서울특별시,강서구,서울특별시교육청,공립,7597,서울특별시 강서구 방화대로34길 43,(마곡동/ 공항고등학교),02-2664-6874,http://www.konghang.hs.kr,남여공학,02-6309-3919,일반고,N,일반계,,후기,주간,19821130,19830412,37.5704610944881,126.81851983357
28,B10,서울특별시교육청,7010065,관악고등학교,kwanak high school,고등학교,서울특별시,영등포구,서울특별시교육청,공립,7278,서울특별시 영등포구 영등포로6길 26,(양평동2가),02-2633-5954,http://kwan-ak.hs.kr,남여공학,02-2632-9358,일반고,N,일반계,,후기,주간,19550427,19730427,37.5217916605406,126.88292354628
29,B10,서울특별시교육청,7010066,광남고등학교,Gwangnam High School,고등학교,서울특별시,광진구,서울특별시교육청,공립,4973,서울특별시 광진구 아차산로70길 17-16,/ 광남고등학교 (광장동/ 광남고등학교),02-2204-8705,http://www.gwang-nam.hs.kr,남여공학,02-458-7043,일반고,N,일반계,,후기,주간,19860125,19860513,37.541514723184,127.101213923003
30,B10,서울특별시교육청,7010131,광문고등학교,Gwangmun High School,고등학교,서울특별시,강동구,서울특별시교육청,사립,5225,서울특별시 강동구 동남로 968,/ 광문고등학교 (고덕동),02-427-2870,http://gwangmun.sen.hs.kr,남여공학,02-427-4357,일반고,N,일반계,,후기,주간,19851105,19851105,37.560461810282,127.158546302765
31,B10,서울특별시교육청,7010132,광성고등학교,Kwangsung High School,고등학교,서울특별시,마포구,서울특별시교육청,사립,4097,서울특별시 마포구 신수로8길 20,(신수동),02-703-3457,http://kwangsung.sen.hs.kr,남,02-711-7397,일반고,N,일반계,,후기,주간,18940406,18940406,37.5486975552073,126.935969575594
32,B10,서울특별시교육청,7010133,광신고등학교,Kwangshin High School,고등학교,서울특별시,관악구,서울특별시교육청,사립,8847,서울특별시 관악구 광신길 141,(신림동/광신중고등학교),02-881-8532,http://www.kwangshin.hs.kr,남여공학,02-881-8566,일반고,N,일반계,,후기,주간,19870120,19870102,37.4644762024804,126.925940565455
33,B10,서울특별시교육청,7011488,광신방송예술고등학교,KWANGSHIN BROADCASTING ARTS HIGH SCHOOL,고등학교,서울특별시,관악구,서울특별시교육청,사립,8847,서울특별시 관악구 광신길 141,(신림동/ 광신방송예술고등학교),02-881-8612,http://ksmedia.sen.hs.kr,남여공학,02-881-8637,특성화고,N,전문계,,전기,주간,19051010,19051010,37.4644762024804,126.925940565455
34,B10,서울특별시교육청,7010067,광양고등학교,Gwangyang High School,고등학교,서울특별시,광진구,서울특별시교육청,공립,5104,서울특별시 광진구 자양로3가길 31,(자양동),02-446-1435,http://www.gwangyang.hs.kr,남여공학,02-458-9715,자율고,N,일반계,,후기,주간,19861215,19880420,37.529378916523,127.085182284683
35,B10,서울특별시교육청,7010134,광영고등학교,Kwangyoung High School,고등학교,서울특별시,양천구,서울특별시교육청,사립,7909,서울특별시 양천구 남부순환로30길 17,(신월동/광영고등학교),02-2650-2300,http://www.ky.hs.kr,남,02-2697-1002,일반고,N,일반계,,후기,주간,19850201,19850201,37.5371981027922,126.823275879439
36,B10,서울특별시교육청,7010135,광영여자고등학교,Kwang-young Girls’ High School,고등학교,서울특별시,양천구,서울특별시교육청,사립,7909,서울특별시 양천구 남부순환로30길 17,/ 광영여자고등학교 (신월동),02-2697-5553,http://www.kyg.hs.kr,여,02-2697-5552,일반고,N,일반계,,후기,주간,19841217,19850306,37.5371981027922,126.823275879439
37,B10,서울특별시교육청,7011505,광운인공지능고등학교,Kwangwoon Artificial Intelligence High School,고등학교,서울특별시,노원구,서울특별시교육청,사립,1890,서울특별시 노원구 광운로1길 24,(월계동/광운중학교/전자공업고등학교),02-918-7761,http://kwangwoon.sen.hs.kr,남,02-917-5091,특성화고,N,전문계,,전기,주간,19340520,19340520,37.6192397716155,127.056545166873
38,B10,서울특별시교육청,7010068,구로고등학교,Guro High School,고등학교,서울특별시,구로구,서울특별시교육청,공립,8299,서울특별시 구로구 가마산로27길 45,/ 구로고등학교 (구로동),02-851-2065,http://guro.hs.kr,남여공학,02-851-9826,일반고,N,일반계,,후기,주간,19811231,19820424,37.4988400846064,126.890309191986
39,B10,서울특별시교육청,7011111,구암고등학교,Guahm High School,고등학교,서울특별시,관악구,서울특별시교육청,공립,8723,서울특별시 관악구 성현로 57,(봉천동/구암고등학교),02-879-9823,http://www.guahm.hs.kr,남여공학,02-879-1981,일반고,N,일반계,,후기,주간,20120301,20120501,37.4924598533601,126.949783193871
40,B10,서울특별시교육청,7010069,구일고등학교,Guil High School,고등학교,서울특별시,구로구,서울특별시교육청,공립,8324,서울특별시 구로구 구일로 90-51,(구로동),02-858-2549,http://www.guil.hs.kr,남여공학,02-867-2826,일반고,N,일반계,,후기,주간,19900120,19900120,37.4935052933826,126.874618469825
41,B10,서울특별시교육청,7010827,구현고등학교,Guhyun High School,고등학교,서울특별시,구로구,서울특별시교육청,공립,8217,서울특별시 구로구 경인로53가길 17,(구로동),02-2628-8916,http://www.guhyun.hs.kr,남여공학,02-2628-8915,자율고,N,일반계,,후기,주간,20080301,20080301,37.5022832205782,126.874418207198
42,B10,서울특별시교육청,1371661,국립국악고등학교,Gugak National High School,고등학교,서울특별시,강남구,교육부,국립,6311,서울특별시 강남구 개포로22길 65,(개포동/ 국악고등학교),02-3460-0500,http://gugak.sen.hs.kr,남여공학,02-3460-0555,특목고,N,일반계,예술계열,전기,주간,19550401,19720909,37.4762397420077,127.051213825746
43,B10,서울특별시교육청,1371663,국립전통예술고등학교,NATIONAL HIGH SCHOOL OF TRADITIONAL KOREAN ARTS,고등학교,서울특별시,금천구,교육부,국립,8650,서울특별시 금천구 시흥대로38길 62,(시흥동),02-896-1094,http://kugak-am.hs.kr,남여공학,02-896-1096,특목고,N,일반계,예술계열,전기,주간,19600513,19600513,37.4463706879704,126.906463378333
44,B10,서울특별시교육청,7010071,금옥여자고등학교,Geumok Girls High School,고등학교,서울특별시,양천구,서울특별시교육청,공립,8080,서울특별시 양천구 신정로 213,(신정동),02-2086-7502,http://www.geumok.hs.kr,여,02-2086-7575,일반고,N,일반계,,후기,주간,19810115,19810503,37.5109653172242,126.843971681779
45,B10,서울특별시교육청,7010072,금천고등학교,Geumcheon High School,고등학교,서울특별시,금천구,서울특별시교육청,공립,8650,서울특별시 금천구 시흥대로38길 26,(시흥동/금천고등학교),02-896-3181,http://Geumcheon.sen.hs.kr,남여공학,02-808-3186,일반고,N,일반계,,후기,주간,19831208,19850506,37.4448950223082,126.904901769267
46,B10,서울특별시교육청,7011319,금호고등학교,GeumhoHighSchool,고등학교,서울특별시,성동구,서울특별시교육청,공립,4727,서울특별시 성동구 금호로 118,(금호동1가),02-2022-0800,http://geumho.sen.hs.kr,남여공학,02-2022-0840,일반고,N,일반계,,전기,주간,20170301,20170522,37.5536214995345,127.023433782844
47,B10,서울특별시교육청,7010136,남강고등학교,Namkang High School,고등학교,서울특별시,관악구,서울특별시교육청,사립,8854,서울특별시 관악구 난곡로34길 80,(신림동),02-839-1701,http://www.namkang.hs.kr,남,02-839-1707,일반고,N,일반계,,후기,주간,19721229,19730302,37.4713756726623,126.924909105757
48,B10,서울특별시교육청,7010564,노원고등학교,Nowon High School,고등학교,서울특별시,노원구,서울특별시교육청,공립,1675,서울특별시 노원구 노원로 586,(상계동),02-937-0078,http://www.nowon.hs.kr,남여공학,02-951-4607,일반고,N,일반계,,후기,주간,19881223,19890427,37.6618031933787,127.054019473757
49,B10,서울특별시교육청,7010589,누원고등학교,Noowon High School,고등학교,서울특별시,도봉구,서울특별시교육청,공립,1318,서울특별시 도봉구 마들로 849,/ 누원고등학교 (도봉동),02-3492-7595,http://www.noowon.hs.kr,남여공학,02-3492-7598,일반고,N,일반계,,후기,주간,20030106,20030506,37.6855689580624,127.049932683549
50,B10,서울특별시교육청,7011489,단국대학교부속소프트웨어고등학교,Dankook University Software High School,고등학교,서울특별시,강남구,서울특별시교육청,사립,6278,서울특별시 강남구 도곡로64길 21,(대치동 1013),02-2116-0115,http://dankook.sen.hs.kr,남,02-2116-0176,특성화고,N,전문계,,전기,주간,19471103,19501103,37.4956174948977,127.057768228297
51,B10,서울특별시교육청,7010137,단국대학교사범대학부속고등학교,DanKook University High School,고등학교,서울특별시,강남구,서울특별시교육청,사립,6278,서울특별시 강남구 도곡로64길 21,(대치동),02-2191-2600,http://www.dan-kook.hs.kr,남,02-557-6837,일반고,N,일반계,,후기,주간,19831226,19831226,37.4956174948977,127.057768228297
52,B10,서울특별시교육청,7010073,당곡고등학교,Dang-gok High School,고등학교,서울특별시,관악구,서울특별시교육청,공립,8712,서울특별시 관악구 봉천로21길 108,/ 당곡고등학교 (봉천동),02-6717-5200,http://www.danggok.hs.kr,남여공학,02-873-4617,자율고,N,일반계,,후기,주간,19831226,19840501,37.4917603442825,126.934246405052
53,B10,서울특별시교육청,7011507,대경생활과학고등학교,Daekyeong Life Science High School,고등학교,서울특별시,중구,서울특별시교육청,사립,4592,서울특별시 중구 매봉18길 111,(신당동),02-2235-5155,http://daekyeong.sen.hs.kr,남여공학,02-2237-9142,특성화고,N,전문계,,전기,주간,19560228,19560416,37.5563732600255,127.016979156363
54,B10,서울특별시교육청,7010138,대광고등학교,Daegwang High School,고등학교,서울특별시,동대문구,서울특별시교육청,사립,2581,서울특별시 동대문구 안암로 6,/ 대광고등학교 (신설동),02-940-2202,http://www.dgh.hs.kr,남,02-926-3197,자율고,N,일반계,,전기,주간,19471125,19471025,37.5779546698355,127.025323479801
55,B10,서울특별시교육청,7010833,대동세무고등학교,Daedong Taxation High School,고등학교,서울특별시,종로구,서울특별시교육청,사립,3057,서울특별시 종로구 계동길 84-10,(계동),02-763-1631,http://daedong.sen.hs.kr,남여공학,02-763-1632,특성화고,N,전문계,,전기,주간,19250418,19250418,37.5815827310558,126.987951316186
56,B10,서울특별시교육청,7010139,대성고등학교,Daesung High School,고등학교,서울특별시,은평구,서울특별시교육청,사립,3322,서울특별시 은평구 갈현로29길 51-24,/ 대성고등학교 (갈현동),02-6252-1000,http://dae-sung.sen.hs.kr,남,02-386-2536,일반고,N,일반계,,전기,주간,19690109,19691016,37.6231422778381,126.909790703133
57,B10,서울특별시교육청,7010140,대신고등학교,Daeshin High School,고등학교,서울특별시,종로구,서울특별시교육청,사립,3029,서울특별시 종로구 사직로 9,(행촌동),02-736-0317,http://www.dae-shin.hs.kr/,남,02-736-0324,일반고,N,일반계,,후기,주간,19380405,19380405,37.573123769216,126.96125454884
58,B10,서울특별시교육청,7010074,대영고등학교,Daeyeong High School,고등학교,서울특별시,영등포구,서울특별시교육청,공립,7397,서울특별시 영등포구 도림로86길 16,(신길동/ 대영고등학교),02-847-2019,http://www.dy.hs.kr,남여공학,02-845-3496,자율고,N,일반계,,후기,주간,19871215,19871215,37.5036530645899,126.905518076656
59,B10,서울특별시교육청,7010141,대원고등학교,Daewon High School,고등학교,서울특별시,광진구,서울특별시교육청,사립,4939,서울특별시 광진구 용마산로22길 26,/ 대원고등학교 (중곡동),02-2204-1569,http://daewon-seoul.hs.kr,남,82-2-2204-1577,일반고,N,일반계,,후기,주간,19770520,19770520,37.5624502219725,127.089376716312
60,B10,서울특별시교육청,7010142,대원여자고등학교,Daewon Girls’ High School,고등학교,서울특별시,광진구,서울특별시교육청,사립,4939,서울특별시 광진구 용마산로22길 26,(중곡동),02-2204-1620,http://www.dwg.hs.kr,여,02-2204-1623,일반고,N,일반계,,후기,주간,19821013,19830520,37.5624502219725,127.089376716312
61,B10,서울특별시교육청,7010143,대원외국어고등학교,Daewon Foreign Language High School,고등학교,서울특별시,광진구,서울특별시교육청,사립,4939,서울특별시 광진구 용마산로22길 26,(중곡동),02-2204-1530,http://www.dwfl.hs.kr/,남여공학,02-2204-1537,특목고,N,일반계,외국어계열,전기,주간,19831007,19840520,37.5624502219725,127.089376716312
62,B10,서울특별시교육청,7010144,대일고등학교,Daeil High School,고등학교,서울특별시,강서구,서울특별시교육청,사립,7672,서울특별시 강서구 등촌로 105,(등촌동),070-4020-6400,https://daeil.sen.hs.kr/index.do,남,02-2644-1558,일반고,N,일반계,,후기,주간,19720926,19720926,37.5394886976531,126.863403109826
63,B10,서울특별시교육청,7011186,대일관광고등학교,Daeil Tourism High School,고등학교,서울특별시,양천구,서울특별시교육청,사립,8051,서울특별시 양천구 신정이펜1로 11,/ 대일관광고등학교 (신정동/ 대일관광고등학교),070-4377-8871,http://daeil-tour.sen.hs.kr,여,02-2603-7361,특성화고,N,전문계,,전기,주간,19800926,19800926,37.5114137684075,126.834906714744
64,B10,서울특별시교육청,7010145,대일외국어고등학교,Daeil Foreign Language High School,고등학교,서울특별시,성북구,서울특별시교육청,사립,2713,서울특별시 성북구 서경로 116,(정릉동/대일외국어고등학교),02-940-1000,www.daeil.or.kr,남여공학,02-940-0605,특목고,N,일반계,외국어계열,전기,주간,19840304,19840924,37.6133045933527,127.014175970968
65,B10,서울특별시교육청,7010146,대진고등학교,Daejin High School,고등학교,서울특별시,노원구,서울특별시교육청,사립,1807,서울특별시 노원구 공릉로62가길 47,/ 대진고등학교 (하계동),02-976-0067,http://www.dae-jin.hs.kr,남,02-971-6085,일반고,N,일반계,,후기,주간,19840613,19851024,37.6378068538477,127.076090022542
66,B10,서울특별시교육청,7010740,대진디자인고등학교,Daejin Design High School,고등학교,서울특별시,강남구,서울특별시교육청,사립,6352,서울특별시 강남구 광평로39길 93,(수서동/대진디자인고등학교),02-2226-8418,http://www.daejindesign.hs.kr,남여공학,02-2226-4863,특성화고,N,전문계,,전기,주간,19940325,19950302,37.4904281491372,127.095979339516
67,B10,서울특별시교육청,7010147,대진여자고등학교,Daejin Girls’ High School,고등학교,서울특별시,노원구,서울특별시교육청,사립,1785,서울특별시 노원구 공릉로 438,/ 대진여자고등학교 (중계동),02-979-2327,http://www.daejinw.hs.kr,여,02-948-3951,일반고,N,일반계,,후기,주간,19880212,19880212,37.6461248249441,127.06719658578
68,B10,서울특별시교육청,7010148,덕성여자고등학교,Duksung Girls’ High School,고등학교,서울특별시,종로구,서울특별시교육청,사립,3061,서울특별시 종로구 율곡로3길 50,/ 덕성여자고등학교 (안국동),02-734-6871,http://duksung.sen.hs.kr,여,02-732-5569,일반고,N,일반계,,후기,주간,19200419,19451010,37.5777608153459,126.983558137257
69,B10,서울특별시교육청,7010808,덕수고등학교,Duksoo High School,고등학교,서울특별시,성동구,서울특별시교육청,공립,4764,서울특별시 성동구 왕십리로 199,(행당동),02-2292-5707,http://duksoo.sen.hs.kr,남여공학,02-2299-0703,특성화고,N,전문계,,전기,주간,19100413,19100413,37.5552642216916,127.041141809583
70,B10,서울특별시교육청,7010149,덕원여자고등학교,Deokwon Girls’ High School,고등학교,서울특별시,강서구,서울특별시교육청,사립,7640,서울특별시 강서구 강서로45길 91-44,(내발산동/덕원여자고등학교),02-2660-7800,http://deokwon.sen.hs.kr,여,02-2660-7812,일반고,N,일반계,,후기,주간,19780429,19780429,37.5486225773288,126.829024518952
71,B10,서울특별시교육청,7010150,덕원예술고등학교,Deokwon Arts High School,고등학교,서울특별시,강서구,서울특별시교육청,사립,7640,서울특별시 강서구 강서로45길 91-44,/ 덕원예술고등학교 (내발산동),02-2660-7911,http://www.dwarts.hs.kr,남여공학,02-2660-7914,특목고,N,일반계,예술계열,전기,주간,19911107,19920429,37.5486225773288,126.829024518952
72,B10,서울특별시교육청,7010317,덕일전자공업고등학교,Deogil Electronic Technical High School,고등학교,서울특별시,구로구,서울특별시교육청,사립,8357,서울특별시 구로구 서해안로21길 5-12,(오류동),02-2613-2762,http://di.sen.hs.kr,남여공학,02-2681-0528,특성화고,N,전문계,,전기,주간,19941005,19941005,37.4905365201163,126.837134461147
73,B10,서울특별시교육청,7010699,도봉고등학교,Dobong High School,고등학교,서울특별시,도봉구,서울특별시교육청,공립,1302,서울특별시 도봉구 도봉산길 27,(도봉동/도봉고등학교),02-3491-4283,http://db2004.hs.kr,남여공학,02-3491-4287,일반고,N,일반계,,후기,주간,20031230,20040504,37.6867550062856,127.042578432977
74,B10,서울특별시교육청,7011318,도선고등학교,DOSUN HIGH SCHOOL,고등학교,서울특별시,성동구,서울특별시교육청,공립,4701,서울특별시 성동구 마장로 156,(하왕십리동),02-2292-8176,http://dosun.sen.hs.kr,남여공학,02-2292-7556,일반고,N,일반계,,전기,주간,20170301,20170524,37.5668439494,127.026995731182
75,B10,서울특별시교육청,7010560,독산고등학교,Doksan High School,고등학교,서울특별시,금천구,서울특별시교육청,공립,8551,서울특별시 금천구 문성로 64,/ 독산고등학교 (독산동),02-857-6248,http://doksan.sen.hs.kr,남여공학,02-857-6247,일반고,N,일반계,,후기,주간,20011231,20020504,37.4762187185354,126.910939635513
76,B10,서울특별시교육청,7011086,동구마케팅고등학교,DONGGOO MARKETING HIGH SCHOOL,고등학교,서울특별시,성북구,서울특별시교육청,사립,2834,서울특별시 성북구 성북로8길 71,/ 동구마케팅고등학교 (성북동),02-762-1301,donggoo.sen.hs.kr,여,02-747-6525,특성화고,N,전문계,,전기,주간,19420617,19420617,37.5941065881018,127.008215538987
77,B10,서울특별시교육청,7010151,동국대학교사범대학부속고등학교,High School Attached to College of Education Dongguk University,고등학교,서울특별시,동대문구,서울특별시교육청,사립,2520,서울특별시 동대문구 장안벚꽃로 201,(장안동/동국대학교사범대학부속고등학교),02-6913-1511,http://ddbk.sen.hs.kr,남,02-6913-1588,일반고,N,일반계,,후기,주간,19470624,19470624,37.5780471818476,127.075133018965
78,B10,서울특별시교육청,7010746,동국대학교사범대학부속여자고등학교,Girls High School Attached To College Of Education/ Dongguk University,고등학교,서울특별시,광진구,서울특별시교육청,사립,5038,서울특별시 광진구 광나루로36길 47,/ 동국대부속여고 (구의동),02-2049-1577,http://donggukgirls.hs.kr,여,02-2049-1588,일반고,N,일반계,,후기,주간,19300620,19300620,37.5419293578309,127.086973061678
79,B10,서울특별시교육청,7010152,동덕여자고등학교,Dongduk Girls’ High School,고등학교,서울특별시,서초구,서울특별시교육청,사립,6700,서울특별시 서초구 효령로2길 123-5,/ 동덕여자고등학교 (방배동),02-586-5418,http://www.dongduk.hs.kr,여,02-582-7306,일반고,N,일반계,,후기,주간,19100428,19100428,37.4758460567445,126.992615816174
80,B10,서울특별시교육청,7011490,동명생활경영고등학교,Dongmyung Career and Business High School,고등학교,서울특별시,은평구,서울특별시교육청,사립,3390,서울특별시 은평구 통일로 793,(대조동),02-383-2628,http://dmgcab.sen.hs.kr/,여,02-389-5011,특성화고,N,전문계,,전기,주간,19210603,19210603,37.6144187859471,126.92282044301
81,B10,서울특별시교육청,7010153,동명여자고등학교,Dongmyung Girls’ High School,고등학교,서울특별시,은평구,서울특별시교육청,사립,3390,서울특별시 은평구 통일로 793,(대조동/동명여자고등학교),02-385-0652,http://dongmyung.sen.hs.kr,여,02-356-4706,일반고,N,일반계,,후기,주간,19210603,19210603,37.6144187859471,126.92282044301
82,B10,서울특별시교육청,7010154,동북고등학교,Dongbuk High School,고등학교,서울특별시,강동구,서울특별시교육청,사립,5412,서울특별시 강동구 강동대로 305,(둔촌동),02-477-2280,http://dongbuk.hs.kr,남,02-488-8093,일반고,N,일반계,,후기,주간,19530604,19530604,37.5202406144077,127.139450654266
83,B10,서울특별시교육청,7010155,동성고등학교,Dongsung High School,고등학교,서울특별시,종로구,서울특별시교육청,사립,3083,서울특별시 종로구 대학로 156,(혜화동/동성중고교),02-3671-9100,http://www.dongsung.hs.kr,남,02-765-8239,자율고,N,일반계,,전기,주간,19070910,19381208,37.5849699592551,127.003097645534
84,B10,서울특별시교육청,7010965,동양고등학교,Dongyang High School,고등학교,서울특별시,강서구,서울특별시교육청,사립,7529,서울특별시 강서구 허준로 50,(가양동/동양고등학교),02-2657-0800,http://www.dongyang.hs.kr,남,02-3664-9463,일반고,N,일반계,,후기,주간,19530519,19530519,37.5690302418497,126.846888761424
85,B10,서울특별시교육청,7010156,동일여자고등학교,Dong-il Girls’ High School,고등학교,서울특별시,금천구,서울특별시교육청,사립,8656,서울특별시 금천구 탑골로10길 45,(시흥동/ 동일여자고등학교),02-803-9806,http://www.dongilg.hs.kr,여,02-894-5554,일반고,N,일반계,,후기,주간,19721219,19680910,37.4519362557404,126.915819922214
86,B10,서울특별시교육청,7010075,동작고등학교,Dongjak High School,고등학교,서울특별시,동작구,서울특별시교육청,공립,7031,서울특별시 동작구 솔밭로 51,(사당동/동작고등학교(복합정보센타)),02-588-4196,http://dongjak.sen.hs.kr,남여공학,02-523-3410,일반고,N,일반계,,후기,주간,19911023,19910430,37.4826019423842,126.965086250636
87,B10,서울특별시교육청,7010076,둔촌고등학교,Doonchon High School,고등학교,서울특별시,강동구,서울특별시교육청,공립,5367,서울특별시 강동구 명일로 140,(둔촌동/둔촌고등학교),02-485-9873,https://doonchon.sen.hs.kr/,남여공학,02-485-9874,일반고,N,일반계,,후기,주간,19970115,19970412,37.531432583881,127.143808707936
88,B10,서울특별시교육청,7010700,등촌고등학교,Deung Chon High School,고등학교,서울특별시,강서구,서울특별시교육청,공립,7580,서울특별시 강서구 공항대로39길 115,/ 등촌고등학교 (등촌동),02-3665-6045,http://www.dch.hs.kr,남여공학,02-3665-6047,자율고,N,일반계,,후기,주간,20040301,20040301,37.5629452192593,126.845046119983
89,B10,서울특별시교육청,7010908,리라아트고등학교,Lila Art High School,고등학교,서울특별시,중구,서울특별시교육청,사립,4628,서울특별시 중구 소파로2길 ,/ 24 (예장동/리라아트고등학교),02-775-6541,http://www.lila.hs.kr,남여공학,02-319-0681,특성화고,N,전문계,,전기,주간,19520520,19520520,37.557131,126.988243
90,B10,서울특별시교육청,7010157,마포고등학교,Mapo High School,고등학교,서울특별시,강서구,서울특별시교육청,사립,7576,서울특별시 강서구 화곡로 403,(등촌동/마포고등학교),02-3663-2583,http://www.mapo.hs.kr,남,02-3663-2590,일반고,N,일반계,,후기,주간,19530601,19530601,37.5600277060889,126.85286487714
91,B10,서울특별시교육청,7010077,면목고등학교,Myeonmok High School,고등학교,서울특별시,중랑구,서울특별시교육청,공립,2193,서울특별시 중랑구 용마산로72길 36-14,(면목동/면목고등학교),02-435-0002,http://mmhs.sen.hs.kr,남,02-435-0774,자율고,N,일반계,,후기,주간,19821130,19830420,37.5846634085871,127.097270640409
92,B10,서울특별시교육청,7010158,명덕고등학교,Myungduk High School,고등학교,서울특별시,강서구,서울특별시교육청,사립,7633,서울특별시 강서구 강서로47길 34-10,(내발산동/명덕고등학교),02-2664-8817,http://myungduk.sen.hs.kr,남,02-2664-8875,일반고,N,일반계,,후기,주간,19841217,19841015,37.5538694849081,126.8339773378
93,B10,서울특별시교육청,7010159,명덕여자고등학교,Myungduk Girls’ High School,고등학교,서울특별시,강서구,서울특별시교육청,사립,7633,서울특별시 강서구 강서로47길 34-10,(내발산동),02-2664-8815,mdgh.sen.hs.kr,여,02-2664-8343,일반고,N,일반계,,후기,주간,19831226,19841015,37.5538694849081,126.8339773378
94,B10,서울특별시교육청,7010160,명덕외국어고등학교,Myungduk Foreign Language High School,고등학교,서울특별시,강서구,서울특별시교육청,사립,7633,서울특별시 강서구 강서로47길 34-10,/ 명덕외국어고등학교 (내발산동/명덕고등학교),02-2665-8821,http://www.mdfh.or.kr,남여공학,02-2665-5777,특목고,N,일반계,외국어계열,전기,주간,19910911,19910911,37.5538694849081,126.8339773378
95,B10,서울특별시교육청,7010078,명일여자고등학교,Myungil Girls’ High School,고등학교,서울특별시,강동구,서울특별시교육청,공립,5268,서울특별시 강동구 명일로 350,(명일동/명일여자고등학교),02-481-8192,http://www.myungil.hs.kr,여,02-481-8197,일반고,N,일반계,,후기,주간,19841217,19850508,37.5497763325665,127.149581506712
96,B10,서울특별시교육청,7010163,명지고등학교,Myongji High School,고등학교,서울특별시,서대문구,서울특별시교육청,사립,3656,서울특별시 서대문구 명지2길 56,/ 명지고등학교 (홍은동),02-303-1540,http://www.myongjigo.net/,남여공학,02-309-7289,일반고,N,일반계,,후기,주간,19480412,19480412,37.5849113531243,126.927090249447
97,B10,서울특별시교육청,7010744,목동고등학교,Mokdong High School,고등학교,서울특별시,양천구,서울특별시교육청,사립,8099,서울특별시 양천구 목동동로2길 68,/ 목동고등학교 (신정동),02-2652-1701,https://mokdong.sen.hs.kr/,여,02-2652-9229,일반고,N,일반계,,후기,주간,19891208,19900914,37.5092159752312,126.86019842592
98,B10,서울특별시교육청,7010079,무학여자고등학교,Muhak Girls’ High School,고등학교,서울특별시,성동구,서울특별시교육청,공립,4716,서울특별시 성동구 고산자로 197,무학여자고등학교,02-2200-1724,http://www.muhak.hs.kr,여,02-2299-5065,일반고,N,일반계,,후기,주간,19400330,19400420,37.5576263308862,127.033880902274
99,B10,서울특별시교육청,7010166,문일고등학교,Moonil High School,고등학교,서울특별시,금천구,서울특별시교육청,사립,8634,서울특별시 금천구 시흥대로47길 45,(시흥동),02-802-2301,http://moonil.hs.kr,남,02-893-5094,일반고,N,일반계,,후기,주간,19741227,19741227,37.4489152569278,126.898720653088
100,B10,서울특별시교육청,7010701,문정고등학교,Munjeong High School,고등학교,서울특별시,송파구,서울특별시교육청,공립,5809,서울특별시 송파구 송이로34길 62,(문정동/문정고등학교),02-406-0061,http://mj.sen.hs.kr,남여공학,02-406-6756,일반고,N,일반계,,후기,주간,20071101,20080422,37.4851784987927,127.126692082604
101,B10,서울특별시교육청,7010959,문현고등학교,MUNHYEON HIGH SCHOOL,고등학교,서울특별시,송파구,서울특별시교육청,공립,5811,서울특별시 송파구 충민로 115,(장지동),02-6951-8702,http://munhyeon.sen.hs.kr,남여공학,02-3012-0880,일반고,N,일반계,,후기,주간,20100301,20100301,37.4813135489878,127.128762268141
102,B10,서울특별시교육청,7010591,미래산업과학고등학교,Mirae High School of Science and Technology,고등학교,서울특별시,노원구,서울특별시교육청,사립,1717,서울특별시 노원구 덕릉로82길 54,(중계동),02-933-7671,http://www.mist.hs.kr,남여공학,02-933-7855,특성화고,N,전문계,,전기,주간,19940301,19940323,37.658779482984,127.07844069313
103,B10,서울특별시교육청,7010167,미림여자고등학교,Mirim Girls’ High School,고등학교,서울특별시,관악구,서울특별시교육청,사립,8821,서울특별시 관악구 호암로 546,/ 미림여자고등학교 (신림동),02-886-1811,http://www.mirim.hs.kr,여,02-878-2188,일반고,N,일반계,,후기,주간,19671230,19790531,37.4661018035835,126.931927855676
104,B10,서울특별시교육청,7010569,미림여자정보과학고등학교,Mirim Girls’ Information Science High School,고등학교,서울특별시,관악구,서울특별시교육청,사립,8821,서울특별시 관악구 호암로 546,(신림동),02-872-4071,http://www.e-mirim.hs.kr,여,02-887-0856,특목고,N,전문계,산업수요 맞춤형 고등학교,전기,주간,19910301,19910531,37.4661018035835,126.931927855676
105,B10,서울특별시교육청,7010887,미양고등학교,Miyang High School,고등학교,서울특별시,강북구,서울특별시교육청,공립,1190,서울특별시 강북구 인수봉로 39,/ 미양고등학교 (미아동),02-982-6104,http://mi-yang.hs.kr,남여공학,02-982-6106,자율고,N,일반계,,후기,주간,20090301,20090610,37.6236671693342,127.012179171162
106,B10,서울특별시교육청,7010080,반포고등학교,Banpo High School,고등학교,서울특별시,서초구,서울특별시교육청,공립,6598,서울특별시 서초구 고무래로 71,(반포동/반포고등학교),02-2258-4300/4100,http://banpo.sen.hs.kr,남여공학,02-2258-4242,일반고,N,일반계,,후기,주간,19831226,19840426,37.5027027335348,127.016510661972
107,B10,서울특별시교육청,7010590,방산고등학교,Bangsan High School,고등학교,서울특별시,송파구,서울특별시교육청,공립,5645,서울특별시 송파구 오금로27길 18,(방이동),02-418-2602,http://bangsan.sen.hs.kr,남여공학,02-418-9963,일반고,N,일반계,,후기,주간,20030301,20030930,37.5083995194679,127.120469638696
108,B10,서울특별시교육청,7010168,배명고등학교,Baemyeong High School,고등학교,서울특별시,송파구,서울특별시교육청,사립,5598,서울특별시 송파구 삼학사로 11,/ 배명고등학교 (삼전동),070-4014-2632,http://www.bm.hs.kr,남,02-421-8716,일반고,N,일반계,,후기,주간,19490307,19341007,37.4976894981876,127.095811765574
109,B10,서울특별시교육청,7010169,배문고등학교,Baemoon High School,고등학교,서울특별시,용산구,서울특별시교육청,사립,4305,서울특별시 용산구 효창원로 258,(서계동),02-3480-7100,http://www.baemoon.hs.kr,남,02-714-0062,일반고,N,일반계,,후기,주간,19551231,19551231,37.5499187190496,126.963904100329
110,B10,서울특별시교육청,7010170,배재고등학교,Paichai High School,고등학교,서울특별시,강동구,서울특별시교육청,사립,5234,서울특별시 강동구 고덕로 227,(고덕동/배재중 고등학교),02-428-1885,www.paichai.hs.kr,남,02-429-7845,자율고,N,일반계,,전기,주간,18850608,18850608,37.5550593859098,127.150247335505
111,B10,서울특별시교육청,7010171,배화여자고등학교,Paiwha Girls` High School,고등학교,서울특별시,종로구,서울특별시교육청,사립,3039,서울특별시 종로구 필운대로1길 34,(필운동/배화여자고등학교),02-724-0300,http://paiwha.sen.hs.kr/,여,02-723-0752,일반고,N,일반계,,후기,주간,18981002,18981002,37.5795440101952,126.967291871532
112,B10,서울특별시교육청,7010172,백암고등학교,Baegam High School,고등학교,서울특별시,양천구,서울특별시교육청,사립,8080,서울특별시 양천구 신정로13길 16,/ 백암고등학교 (신정동),02-2696-0110,http://baegam.sen.hs.kr,남여공학,02-2691-0111,일반고,N,일반계,,후기,주간,19840409,19841217,37.5121962622678,126.844376986498
113,B10,서울특별시교육청,7010173,보성고등학교,Posung High School,고등학교,서울특별시,송파구,서울특별시교육청,사립,5649,서울특별시 송파구 양재대로 1278,(방이동/보성중고등학교),02-2152-2430,http://posung.sen.hs.kr,남,02-449-9355,일반고,N,일반계,,후기,주간,19060905,19060905,37.5200898870034,127.135729296295
114,B10,서울특별시교육청,7010174,보성여자고등학교,Bosung Girls` High School,고등학교,서울특별시,용산구,서울특별시교육청,사립,4338,서울특별시 용산구 신흥로3가길 66,/ 보성여자고등학교 (용산동2가),07040003030,http://www.bosung.hs.kr,여,027984145,일반고,N,일반계,,후기,주간,19071010,19071010,37.5430815444968,126.984284175086
115,B10,서울특별시교육청,7010813,보인고등학교,Boin High School,고등학교,서울특별시,송파구,서울특별시교육청,사립,5742,서울특별시 송파구 오금로49길 18,/ 보인고등학교 (오금동),02-2043-6021,http://www.boin.hs.kr,남,02-449-8063,자율고,N,일반계,,전기,주간,19080608,19080608,37.4975692004431,127.139517839227
116,B10,서울특별시교육청,7010736,불암고등학교,Buram High School,고등학교,서울특별시,노원구,서울특별시교육청,공립,1736,서울특별시 노원구 중계로 155,(중계동),02-936-7500,http://www.buram.hs.kr,남여공학,02-936-9100,일반고,N,일반계,,후기,주간,20050301,20050301,37.6491585296421,127.080305829512
117,B10,서울특별시교육청,7010985,삼각산고등학교,Samgaksan High School,고등학교,서울특별시,강북구,서울특별시교육청,공립,1199,서울특별시 강북구 삼양로19길 40,(미아동/삼각산고등학교),02-980-2290,http://samgaksan.hs.kr,남여공학,02-989-6930,일반고,N,일반계,,후기,주간,20110301,20110301,37.6162857334914,127.020107911458
118,B10,서울특별시교육청,7010081,삼성고등학교,Samsung High School,고등학교,서울특별시,관악구,서울특별시교육청,공립,8815,서울특별시 관악구 신림로 41,(신림동),02-871-7583,http://www.samsung.hs.kr,남여공학,02-886-7251,일반고,N,일반계,,후기,주간,19860112,19860112,37.469107701859,126.944010788599
119,B10,서울특별시교육청,7010082,상계고등학교,Sang-gye High School,고등학교,서울특별시,노원구,서울특별시교육청,공립,1761,서울특별시 노원구 노해로 432,(상계동/ 상계고등학교),02-6477-0700,http://sanggye.sen.hs.kr,남,02-933-9795,일반고,N,일반계,,후기,주간,19871215,19880428,37.652724684304,127.055453430868
120,B10,서울특별시교육청,7010593,상명고등학교,Sangmyung High School,고등학교,서울특별시,노원구,서울특별시교육청,사립,1758,서울특별시 노원구 덕릉로 553,(중계동),02-971-6211,http://www.sangmyung.hs.kr,남여공학,02-971-6216,일반고,N,일반계,,후기,주간,19371201,19370517,37.649540794927,127.067701313205
121,B10,서울특별시교육청,7010178,상명대학교사범대학부속여자고등학교,Girls` High School Attached to College of Education/ Sangmyung University,고등학교,서울특별시,종로구,서울특별시교육청,사립,3016,서울특별시 종로구 홍지문2길 20,(홍지동/상명대학교),02-396-6302,http://sangmyung-agh.hs.kr,여,02-396-6305,일반고,N,일반계,,후기,주간,19661219,19670307,37.604108905882,126.955159496571
122,B10,서울특별시교육청,7010179,상문고등학교,Sangmoon High School,고등학교,서울특별시,서초구,서울특별시교육청,사립,6707,서울특별시 서초구 명달로 45,(방배동/상문고등학교),02-586-3141,http://www.sangmoon.hs.kr,남,02-586-3136,일반고,N,일반계,,후기,주간,19721223,19721223,37.4797554325594,127.003916819634
123,B10,서울특별시교육청,7010806,상암고등학교,Sang-am High School,고등학교,서울특별시,마포구,서울특별시교육청,공립,3903,서울특별시 마포구 월드컵북로 445,(상암동),02-373-0041,http://www.sangam.hs.kr,남여공학,02-373-0068,자율고,N,일반계,,후기,주간,20070104,20070510,37.5813414106022,126.883394497343
124,B10,서울특별시교육청,7010916,상일미디어고등학교,Sangil Media High School,고등학교,서울특별시,강동구,서울특별시교육청,사립,5282,서울특별시 강동구 천호대로219길 61,/ 상일미디어고등학교 (상일동),02-428-0733,http://www.sangilmedia.hs.kr,남여공학,02-3427-0733,특성화고,N,전문계,,전기,주간,19831226,19841006,37.5485874781342,127.170823536325
125,B10,서울특별시교육청,7010181,상일여자고등학교,Sangil Girls High School,고등학교,서울특별시,강동구,서울특별시교육청,사립,5282,서울특별시 강동구 천호대로219길 61,/ 상일여자고등학교 (상일동),02-428-0435,http://sangil.hs.kr,여,02-481-3130,일반고,N,일반계,,후기,주간,19791006,19791006,37.5485874781342,127.170823536325
126,B10,서울특별시교육청,7010182,서라벌고등학교,Sorabol High School,고등학교,서울특별시,노원구,서울특별시교육청,사립,1745,서울특별시 노원구 한글비석로5길 18,/ (중계1동 313/ 서라벌고등학교) ,02-2092-2200,http://sorabol.sen.hs.kr,남,02-2092-2270,일반고,N,일반계,,후기,주간,19560305,19560305,37.6452565325417,127.075840635297
127,B10,서울특별시교육청,7010183,서문여자고등학교,Suhmoon Girls’ High School,고등학교,서울특별시,서초구,서울특별시교육청,사립,6565,서울특별시 서초구 동광로12길 84,(방배동/서문여자고등학교),02-599-6061,http://suhmoon.sen.hs.kr,여,02-594-8065,일반고,N,일반계,,후기,주간,19721229,19721229,37.4889197255873,126.984545759343
128,B10,서울특별시교육청,7010721,서서울생활과학고등학교,Seoseoul Life Science High School,고등학교,서울특별시,구로구,서울특별시교육청,사립,8248,서울특별시 구로구 오리로 1355-10,/ 서서울생활과학고등학교 (궁동),02-2613-5272,http://ssls.sen.hs.kr,남여공학,02-2612-0554,특성화고,N,전문계,,전기,주간,19720305,19720331,37.5038291911751,126.828259957002
129,B10,서울특별시교육청,7010083,서울고등학교,Seoul High School,고등학교,서울특별시,서초구,서울특별시교육청,공립,6669,서울특별시 서초구 효령로 197,(서초동/서울고등학교),02-582-8151,http://seoul.sen.hs.kr,남,02-587-3933,일반고,N,일반계,,후기,주간,19460201,19460201,37.4842930566875,127.004901860862
130,B10,서울특별시교육청,7010278,서울공업고등학교,Seoul Technical High School,고등학교,서울특별시,동작구,서울특별시교육청,공립,6955,서울특별시 동작구 대방동1길 46,/ 서울공업고등학교 (대방동),02-2082-1810,http://seoul-th.sen.hs.kr,남여공학,02-825-2030,특성화고,Y,전문계,,전기,주간,18990505,18990505,37.5019012578828,126.922363030415
131,B10,서울특별시교육청,7010906,서울공연예술고등학교,School of Performing Arts/ Seoul,고등학교,서울특별시,구로구,서울특별시교육청,사립,8249,서울특별시 구로구 오리로22나길 16-26,/ 서울공연예술고등학교 (궁동),02-3281-9760,http://sopa.hs.kr,남여공학,02-3281-9768,특목고,N,일반계,예술계열,전기,주간,19660306,19661002,37.4999306587647,126.832608691425
132,B10,서울특별시교육청,7010084,서울과학고등학교,Seoul Science High School,고등학교,서울특별시,종로구,서울특별시교육청,공립,3066,서울특별시 종로구 혜화로 63,(명륜1가),02-740-6299,http://www.sshs.hs.kr,남여공학,02-741-1368,특목고,N,일반계,과학계열,전기,주간,19880914,19880914,37.5915480465968,126.998436321282
133,B10,서울특별시교육청,7010739,서울관광고등학교,Seoul Tourism High School,고등학교,서울특별시,관악구,서울특별시교육청,사립,8714,서울특별시 관악구 은천로15길 25,(봉천동/서울관광고등학교),02-886-9165,http://seoul-tour.sen.hs.kr,남여공학,02-872-9170,특성화고,N,전문계,,전기,주간,19780315,19780315,37.4878154195732,126.943760849751
134,B10,서울특별시교육청,7010817,서울국제고등학교,Seoul Global High School,고등학교,서울특별시,종로구,서울특별시교육청,공립,3066,서울특별시 종로구 성균관로13길 40,/ 서울국제고 (명륜1가),02-743-9385,http://sghs.sen.hs.kr,남여공학,02-743-9409,특목고,N,일반계,국제계열,전기,주간,20070719,20080507,37.5917911485864,126.995490680124
135,B10,서울특별시교육청,7010964,서울금융고등학교,Seoul Finance High School,고등학교,서울특별시,양천구,서울특별시교육청,공립,7909,서울특별시 양천구 가로공원로61길 19,/ 서울금융고등학교 (신월동),02-2694-3710,http://www.seoulfc.hs.kr,남여공학,02-2690-6754,특성화고,N,전문계,,전기,주간,19841217,19841217,37.5376595496119,126.825914607519
136,B10,서울특별시교육청,7011109,서울대학교사범대학부설고등학교,Seoul National University High School,고등학교,서울특별시,성북구,교육부,국립,2796,서울특별시 성북구 월곡로 6,(종암동),02-913-7305,https://snu.sen.hs.kr/,남여공학,02-919-5275,일반고,N,일반계,,후기,주간,19460901,19461015,37.594723843967,127.038120392429
137,B10,서울특별시교육청,7011180,서울도시과학기술고등학교,Seoul Urban Science Technical High School,고등학교,서울특별시,성북구,서울특별시교육청,공립,2736,서울특별시 성북구 종암로 196,(하월곡동/서울도시과학기술고등학교),02-940-2500,http://www.sust.hs.kr,남여공학,02-940-2508,특목고,N,전문계,산업수요 맞춤형 고등학교,전기,주간,19640108,19640108,37.6078128032701,127.033044179358
138,B10,서울특별시교육청,7011494,서울동산고등학교,Seoul Dongsan High School,고등학교,서울특별시,노원구,서울특별시교육청,사립,1832,서울특별시 노원구 공릉로 257,(공릉동),02-971-0903,http://seouldongsan.sen.hs.kr,남여공학,02-973-3052,특성화고,N,전문계,,전기,주간,19680302,19680429,37.6307779754887,127.073998366297
139,B10,서울특별시교육청,7010741,서울디자인고등학교,Seoul Design High School,고등학교,서울특별시,마포구,서울특별시교육청,사립,4140,서울특별시 마포구 백범로 139,/ 서울디자인고등학교 (염리동),02-715-2261,http://www.seodi.hs.kr,남여공학,02-716-6967,특성화고,N,전문계,,전기,주간,19550112,19550112,37.5467017705682,126.946905266201
140,B10,서울특별시교육청,7010572,서울디지텍고등학교,Seoul Digitech High School,고등학교,서울특별시,용산구,서울특별시교육청,사립,4346,서울특별시 용산구 회나무로12길 27,(이태원동),02-798-3641,http://www.sdh.hs.kr,남여공학,02-794-0822,특성화고,N,전문계,,전기,주야간,19751004,19751004,37.5389694235589,126.990617730566
141,B10,서울특별시교육청,7010738,서울로봇고등학교,Seoul Robotics High School,고등학교,서울특별시,강남구,서울특별시교육청,공립,6363,서울특별시 강남구 광평로20길 63,/ 서울로봇고등학교 (일원동),02-2226-2141,http://srobot.sen.hs.kr,남여공학,02-2226-5346,특목고,N,전문계,산업수요 맞춤형 고등학교,전기,주간,19940104,19940104,37.480741415643,127.084154946756
142,B10,서울특별시교육청,7011506,서울매그넷고등학교,Seoul Magnet High School,고등학교,서울특별시,금천구,서울특별시교육청,사립,8656,서울특별시 금천구 탑골로10길 45,(시흥동/ 동일여자상업고등학교),02-807-6333,seoulmagnet.sen.hs.kr,여,02-804-9040,특성화고,N,전문계,,전기,주간,19870112,19870303,37.4519362557404,126.915819922214
143,B10,서울특별시교육청,7010697,서울문영여자고등학교,Seoul Moonyoung Girls` High School,고등학교,서울특별시,관악구,서울특별시교육청,사립,8833,서울특별시 관악구 관악로 85,/ 서울문영여자고등학교 (봉천동),02-873-3622,http://www.moonyoung.seoul.kr,여,02-873-3625,일반고,N,일반계,,후기,주간,19911107,19911107,37.4729045674501,126.950918062755
144,B10,서울특별시교육청,7010888,서울문화고등학교,Seoul Culture High School,고등학교,서울특별시,도봉구,서울특별시교육청,공립,1338,서울특별시 도봉구 마들로 598,/ 서울문화고등학교 (방학동),02-955-9100,http://seoulculture.sen.hs.kr,남여공학,02-3491-7697,특성화고,N,전문계,,전기,주간,19831226,19840507,37.6641314270343,127.047285814495
145,B10,서울특별시교육청,7010185,서울미술고등학교,Seoul Art High School,고등학교,서울특별시,관악구,서울특별시교육청,사립,8802,서울특별시 관악구 남부순환로247길 26,(봉천동/서울미술고등학교),02-872-2111,http://www.seoul-art.or.kr,남여공학,02-872-2115,일반고,N,일반계,,전기,주간,19710926,19720525,37.4766963066016,126.966748525059
146,B10,서울특별시교육청,7010836,서울방송고등학교,Seoul Broadcasting High School,고등학교,서울특별시,성동구,서울특별시교육청,공립,4731,서울특별시 성동구 동호로5길 131,(옥수동),02-2281-0091,https://seb.sen.hs.kr,남여공학,02-2281-0095,특성화고,N,전문계,,전기,주간,19911030,19911030,37.5477744781642,127.011037345163
147,B10,서울특별시교육청,7010186,서울세종고등학교,Seoul Sejong High School,고등학교,서울특별시,강남구,서울특별시교육청,사립,6348,서울특별시 강남구 광평로51길 36,/ 서울세종고등학교 (수서동),070-8668-3119,http://www.seoulsejong.hs.kr/,남여공학,02-451-3292,일반고,N,일반계,,후기,주간,19581228,19581228,37.4903893469638,127.102796812957
148,B10,서울특별시교육청,7011492,서울신정고등학교,Seoul Shinjeong High School,고등학교,서울특별시,강서구,서울특별시교육청,사립,7736,서울특별시 강서구 등촌로13아길 20,(화곡동/ 서울신정고등학교),02-2644-3543,http://shinjeong.sen.hs.kr,여,02-2644-0021,특성화고,N,전문계,,전기,주간,19780130,19780130,37.5383814328153,126.857062195471
149,B10,서울특별시교육청,7010960,서울아이티고등학교,Seoul Information Technology High School,고등학교,서울특별시,노원구,서울특별시교육청,사립,1773,서울특별시 노원구 섬밭로 299,(중계동/서울아이티고등학교),02-948-1901,http://www.seoulit.hs.kr,남여공학,02-977-8269,특성화고,N,전문계,,전기,주간,19921030,19921030,37.6424184430399,127.06244927375
150,B10,서울특별시교육청,7010085,서울여자고등학교,Seoul Girls` High School,고등학교,서울특별시,마포구,서울특별시교육청,공립,4140,서울특별시 마포구 백범로25길 34,/ 서울여자고등학교 (염리동),02-703-2211,http://seoulgs.sen.hs.kr,여,02-711-5667,자율고,N,일반계,,후기,주간,19580415,19580415,37.5477804988422,126.949069964415
151,B10,서울특별시교육청,7010340,서울여자상업고등학교,Seoul Girls’ Commercial High School,고등학교,서울특별시,관악구,서울특별시교육청,사립,8833,서울특별시 관악구 관악로 85,(봉천동/서울여자상업고등학교),02-873-3613,http://sys.sen.hs.kr,여,02-873-3620,특성화고,N,전문계,,전기,주간,19260929,19260929,37.4729045674501,126.950918062755
152,B10,서울특별시교육청,7010795,서울영상고등학교,Seoul Visual Media High School,고등학교,서울특별시,양천구,서울특별시교육청,사립,8021,서울특별시 양천구 목동로11길 46,/ 서울영상고등학교 (신정동),02-2602-7121,youngsang.hs.kr,남여공학,02-2606-1804,특성화고,N,전문계,,전기,주간,19611208,19611208,37.5233044400227,126.860293524636
153,B10,서울특별시교육청,7010187,서울예술고등학교,Seoul Arts High School,고등학교,서울특별시,종로구,서울특별시교육청,사립,3011,서울특별시 종로구 평창문화로 70,/ 서울예술고등학교 (평창동),02-2287-0500,http://yego.or.kr,남여공학,02-2287-0400,특목고,N,일반계,예술계열,전기,주간,19530321,19530321,37.6057568225162,126.967890699043
154,B10,서울특별시교육청,7010188,서울외국어고등학교,Seoul Foreign Language High School,고등학교,서울특별시,도봉구,서울특별시교육청,사립,1489,서울특별시 도봉구 덕릉로66길 22,(창동),1670-1005,http://sfl.sen.hs.kr,남여공학,02-994-2435,특목고,N,일반계,외국어계열,전기,주간,19931005,19931005,37.6457807932104,127.0515086969
155,B10,서울특별시교육청,7011486,서울의료보건고등학교,Seoul Medical Healthcare High School,고등학교,서울특별시,중구,서울특별시교육청,사립,4502,서울특별시 중구 만리재로37길 30,(만리동1가),02-392-6666,http://smh.sen.hs.kr,여,02-392-2233,특성화고,N,전문계,,전기,주간,19710531,19921002,37.5572980883659,126.966720324892
156,B10,서울특별시교육청,7011498,서울인공지능고등학교,SEOUL ARTIFICIAL INTELLIGENCE HIGHSCHOOL,고등학교,서울특별시,송파구,서울특별시교육청,공립,5771,서울특별시 송파구 양산로 21,(거여동),6711-0508/6711-0595,https://seoulai.sen.hs.kr,남여공학,02-6711-0599,특성화고,N,전문계,,전기,주간,19910301,19910301,37.4916482412209,127.142085431868
157,B10,서울특별시교육청,7010809,서울전자고등학교,Seoul Electronics High School,고등학교,서울특별시,서초구,서울특별시교육청,공립,6761,서울특별시 서초구 과천대로 852-23,(방배동),02-6011-4100,http://e-seoul.sen.hs.kr,남여공학,02-597-9693,특성화고,N,전문계,,전기,주간,19940105,19940506,37.4694909673091,126.988245947982
158,B10,서울특별시교육청,7010086,서울체육고등학교,Seoul Physical Education High School,고등학교,서울특별시,송파구,서울특별시교육청,공립,5541,서울특별시 송파구 강동대로 232,/ 서울체육고등학교 (방이동),02-2140-9801,http://seoul-ph.sen.hs.kr,남여공학,02-2203-9803,특목고,N,일반계,체육계열,전기,주간,19710320,19710320,37.5223303821085,127.129822552593
159,B10,서울특별시교육청,7011213,서울컨벤션고등학교,SEOUL CONVENTION HIGH SCHOOL,고등학교,서울특별시,강동구,서울특별시교육청,사립,5225,서울특별시 강동구 동남로 964,/ 서울컨벤션고등학교 (고덕동),02-3427-7400,http://seoul-chs.sen.hs.kr,남여공학,02-3427-7711,특성화고,N,전문계,,전기,주간,19611215,19611215,37.5592845614915,127.158215928554
160,B10,서울특별시교육청,7011311,서울항공비즈니스고등학교,SEOUL AERO BUSINESS HIGH SCHOOL,고등학교,서울특별시,강서구,서울특별시교육청,사립,7597,서울특별시 강서구 방화대로34길 13,(방화동),02-2665-5900,http://sab.sen.hs.kr,남여공학,02-2666-0065,특성화고,N,전문계,,전기,주간,19870109,19870605,37.5692177821112,126.817040800626
161,B10,서울특별시교육청,7011491,서일문화예술고등학교,SEOIL CULTURE  ARTS HIGH SCHOOLl,고등학교,서울특별시,종로구,서울특별시교육청,사립,3094,서울특별시 종로구 지봉로17길 49,(창신동),02-763-5863,http://seoil.sen.hs.kr,남여공학,02-765-8573,특성화고,N,전문계,,전기,주간,19661208,19690715,37.5793793625106,127.012792681686
162,B10,서울특별시교육청,7010087,서초고등학교,Seocho High School,고등학교,서울특별시,서초구,서울특별시교육청,공립,6656,서울특별시 서초구 반포대로27길 29,(서초동),02-584-4234,http://seocho.sen.hs.kr,남여공학,02-583-6035,일반고,N,일반계,,후기,주간,19840112,19840418,37.4896116868936,127.005378249754
163,B10,서울특별시교육청,7010088,석관고등학교,SEOKGWAN HIGH SCHOOL,고등학교,서울특별시,성북구,서울특별시교육청,공립,2782,서울특별시 성북구 한천로70길 30,/ 석관고등학교 (석관동),02-958-1000,http://www.seokgwan.hs.kr,남여공학,02-962-5364,일반고,N,일반계,,후기,주간,19821130,19830413,37.6095892871169,127.066717588798
164,B10,서울특별시교육청,7010189,선덕고등학교,Sunduck High School,고등학교,서울특별시,도봉구,서울특별시교육청,사립,1375,서울특별시 도봉구 시루봉로 53,/  선덕고등학교 (쌍문동),02-997-4111,http://sunduck.sen.hs.kr,남,02-994-1797,자율고,N,일반계,,전기,주간,19821003,19830305,37.6562750160952,127.026703057445
165,B10,서울특별시교육청,7010536,선린인터넷고등학교,Sunrin Internet High School,고등학교,서울특별시,용산구,서울특별시교육청,공립,4314,서울특별시 용산구 원효로97길 33-4,(청파동3가),02-713-6211,http://sunrint.sen.hs.kr,남여공학,02-704-0960,특성화고,N,전문계,,전기,주간,18990624,18990624,37.5427698351486,126.966038693159
166,B10,서울특별시교육청,7010984,선사고등학교,SUNSA HIGH SCHOOL,고등학교,서울특별시,강동구,서울특별시교육청,공립,5237,서울특별시 강동구 고덕로25길 17,/ 선사고등학교 (암사동),02-426-1749,http://www.sunsa.hs.kr,남여공학,02-426-1748,일반고,N,일반계,,후기,주간,20110301,20110501,37.5563158751807,127.13577562154
167,B10,서울특별시교육청,7010734,선유고등학교,Seonyoo High School,고등학교,서울특별시,영등포구,서울특별시교육청,공립,7209,서울특별시 영등포구 선유로 227,/ 선유고등학교 (양평동4가),02-2069-0036,http://seonyoo.sen.hs.kr,남여공학,02-2069-2626,일반고,N,일반계,,후기,주간,20050105,20050526,37.5339016190568,126.894850696134
168,B10,서울특별시교육청,7011508,선일빅데이터고등학교,SUNIL BIGDATA HIGHSCHOOL,고등학교,서울특별시,은평구,서울특별시교육청,사립,3322,서울특별시 은평구 갈현로29길 27,/ 선일빅데이터고등학교 (갈현동),02-355-5648,https://bigdata.sen.hs.kr/,여,02-354-0935,특성화고,N,전문계,,전기,주간,19850108,19850311,37.6203042094228,126.911993073275
169,B10,서울특별시교육청,7010190,선일여자고등학교,Sunil Girls’ High School,고등학교,서울특별시,은평구,서울특별시교육청,사립,3322,서울특별시 은평구 갈현로29길 27,(갈현동),02-355-6691,http://sunil.sen.hs.kr,여,02-388-1698,일반고,N,일반계,,후기,주간,19711227,19711227,37.6203042094228,126.911993073275
170,B10,서울특별시교육청,7010191,선정고등학교,Sunjung High School,고등학교,서울특별시,은평구,서울특별시교육청,사립,3327,서울특별시 은평구 서오릉로20길 19,/ 선정고등학교 (갈현동),02-3156-1500,http://www.sunjung.hs.kr,남여공학,02-355-2259,일반고,N,일반계,,후기,주간,19500522,19500522,37.6187045126614,126.909031611714
171,B10,서울특별시교육청,7011315,선정국제관광고등학교,Sunjung International Tourism High School,고등학교,서울특별시,은평구,서울특별시교육청,사립,3327,서울특별시 은평구 서오릉로20길 19,/ 선정국제관광고등학교 (갈현동),02-3156-1600,http://sjt.sen.hs.kr,남여공학,02-352-5073,특성화고,N,전문계,,전기,주간,19941005,19500522,37.6187045126614,126.909031611714
172,B10,서울특별시교육청,7010192,선화예술고등학교,Sunhwa Arts High School,고등학교,서울특별시,광진구,서울특별시교육청,사립,4991,서울특별시 광진구 천호대로 664,(능동),02-2204-1303,http://www.sunhwa.org,남여공학,02-458-4582,특목고,N,일반계,예술계열,전기,주간,19741201,19760705,37.5509798002896,127.087095159462
173,B10,서울특별시교육청,7010193,성남고등학교,Sungnam High School,고등학교,서울특별시,동작구,서울특별시교육청,사립,6946,서울특별시 동작구 대방동길 74,/ 성남고등학교 (대방동),02-815-3645,http://www.sungnam.sen.hs.kr,남,02-815-1333,일반고,N,일반계,,후기,주간,19380224,19380425,37.5052815748623,126.926615278225
174,B10,서울특별시교육청,7011179,성덕고등학교,Seongdeok High School,고등학교,서울특별시,강동구,서울특별시교육청,사립,5306,서울특별시 강동구 구천면로 396,(천호동),02-475-4620,http://ssd.hs.kr,남여공학,02-3784-6939,일반고,N,일반계,,후기,주간,19761228,19770905,37.5498545397762,127.141541303447
175,B10,서울특별시교육청,7010089,성동고등학교,Sungdong High School,고등학교,서울특별시,중구,서울특별시교육청,공립,4579,서울특별시 중구 퇴계로90길 17,/ 성동고등학교 (신당동),02-2237-2412,http://www.sungdong.hs.kr,남,02-2237-5748,자율고,N,일반계,,후기,주간,19490824,19490824,37.5641621970073,127.022389203196
176,B10,서울특별시교육청,7010737,성동공업고등학교,Seongdong Technical High School,고등학교,서울특별시,중구,서울특별시교육청,공립,4571,서울특별시 중구 다산로 290,(흥인동),070-8685-7600,http://www.sdth.hs.kr,남여공학,02-2234-1950,특성화고,N,전문계,,전기,주간,19440401,19440401,37.5693631529572,127.017281730243
177,﻿B10,서울특별시교육청,7010889,성동글로벌경영고등학교,Seongdong Global Business High School,고등학교,서울특별시,중구,서울특별시교육청,공립,4566,서울특별시 중구 퇴계로 375,(신당동/ 성동글로벌경영고등학교),02-2252-1932,http://sdglobal.sen.hs.kr,여,02-2235-7150,특성화고,N,전문계,,전기,주간,19610303,19610303,37.5658547150955,127.0135246262
178,B10,서울특별시교육청,7010194,성보고등학교,Sungbo High School,고등학교,서울특별시,관악구,서울특별시교육청,사립,8773,서울특별시 관악구 남부순환로156길 39,(신림동/성보고등학교),02-862-8409,http://www.sungbo.hs.kr,남,02-3281-6851,일반고,N,일반계,,후기,주간,19811231,19820531,37.4807283676946,126.920957326353
179,B10,서울특별시교육청,7010886,성수고등학교,Seongsu High School,고등학교,서울특별시,성동구,서울특별시교육청,공립,4768,서울특별시 성동구 서울숲길 18,/ 성수고등학교 (성수동1가),02-6913-3520,http://seongsu.sen.hs.kr,남여공학,02-461-3346,일반고,N,일반계,,후기,주간,20090301,20090301,37.5473418143935,127.038253431317
180,B10,서울특별시교육청,7010288,성수공업고등학교,Seongsu Technical High School,고등학교,서울특별시,성동구,서울특별시교육청,공립,4780,서울특별시 성동구 뚝섬로 365,(성수동2가/성수공업고등학교),02-3409-0944,http://sungsu.sen.hs.kr,남여공학,02-3409-0945,특성화고,N,전문계,,전기,주간,19980301,19980605,37.5405694282104,127.050960207026
181,B10,서울특별시교육청,7010195,성신여자고등학교,Sungshin Girls’ High School,고등학교,서울특별시,성북구,서울특별시교육청,사립,2840,서울특별시 성북구 동소문로26가길 80,(돈암동),02-6930-9100,http://www.sungshin.hs.kr,여,02-924-0540,일반고,N,일반계,,후기,주간,19360428,19360428,37.5942896306119,127.022407171613
182,B10,서울특별시교육청,7010196,성심여자고등학교,Sacred Heart Girls’ High School,고등학교,서울특별시,용산구,서울특별시교육청,사립,4361,서울특별시 용산구 원효로19길 49,/ 성심여자고등학교 (원효로4가),02-702-5501,http://sacredheart.sen.hs.kr,여,02-711-6887,일반고,N,일반계,,후기,주간,19600126,19600401,37.534209370461,126.95459335968
183,B10,서울특별시교육청,7010837,성암국제무역고등학교,Seong-Am International Trade High School,고등학교,서울특별시,강북구,서울특별시교육청,사립,1174,서울특별시 강북구 도봉로29길 52,(미아동/ 성암국제무역고등학교),02-2179-1717,http://seongam.sen.hs.kr,여,02-985-5399,특성화고,N,전문계,,전기,주간,19600219,19601001,37.6204135324231,127.023905892641
184,B10,서울특별시교육청,7011084,세그루패션디자인고등학교,Segeuru Fashion Design High School,고등학교,서울특별시,도봉구,서울특별시교육청,사립,1375,서울특별시 도봉구 시루봉로 53,/ 세그루패션디자인고등학교 (쌍문동),02-993-0211,http://sfd.sen.hs.kr,여,02-998-7912,특성화고,N,전문계,,전기,주간,19741227,19740915,37.6562750160952,127.026703057445
185,B10,서울특별시교육청,7010537,세명컴퓨터고등학교,Semyeong Computer High School,고등학교,서울특별시,은평구,서울특별시교육청,사립,3337,서울특별시 은평구 통일로92가길 33,/ 세명컴퓨터고등학교 (불광동),02-354-1323,http://www.smc.hs.kr,남여공학,02-388-1381,특성화고,N,전문계,,전기,주간,19740429,19740429,37.6278475739332,126.923545504491
186,B10,서울특별시교육청,7010816,세종과학고등학교,Sejong Science High School,고등학교,서울특별시,구로구,서울특별시교육청,공립,8258,서울특별시 구로구 오리로21길 79,(궁동),02-2060-4133,http://www.sjsh.hs.kr,남여공학,02-2060-4144,특목고,N,일반계,과학계열,전기,주간,20080301,20080415,37.4975693967975,126.827351739435
187,B10,서울특별시교육청,7010764,세현고등학교,Se Hyun High School,고등학교,서울특별시,강서구,서울특별시교육청,공립,7531,서울특별시 강서구 허준로 227,/ 세현고등학교 (가양동),02-3663-1495,http://sehyun.hs.kr,남여공학,02-3663-1056,일반고,N,일반계,,후기,주간,20060301,20060506,37.5604306618095,126.863621128106
188,B10,서울특별시교육청,7010197,세화고등학교,Sehwa High School,고등학교,서울특별시,서초구,서울특별시교육청,사립,6548,서울특별시 서초구 신반포로 56-7,(반포동),02-594-8721,http://www.sehwa.hs.kr,남,02-599-3101,자율고,N,일반계,,전기,주간,19861230,19861230,37.5019964569165,126.994230013893
189,B10,서울특별시교육청,7010198,세화여자고등학교,Sehwa Girls’ High School,고등학교,서울특별시,서초구,서울특별시교육청,사립,6548,서울특별시 서초구 신반포로 56-7,/ 세화여자고등학교 ,02-537-2131,http://www.sehwa-gs.hs.kr,여,02-595-6586,자율고,N,일반계,,전기,주간,19771230,19780303,37.5019964569165,126.994230013893
190,B10,서울특별시교육청,7010199,송곡고등학교,Songgok High School,고등학교,서울특별시,중랑구,서울특별시교육청,사립,2062,서울특별시 중랑구 양원역로 50,(망우동/송곡고등학교),02-435-0660,http://sg.hs.kr,남,02-437-3093,일반고,N,일반계,,후기,주간,19861231,19861231,37.6058454355439,127.106463734951
191,B10,서울특별시교육청,7011085,송곡관광고등학교,Songgok Tourism High School,고등학교,서울특별시,중랑구,서울특별시교육청,사립,2057,서울특별시 중랑구 양원역로 67,(망우동),02-432-1837,http://www.sgi.hs.kr,여,02-433-2183,특성화고,N,전문계,,전기,주간,19970902,19970524,37.6066890425626,127.105145451077
192,B10,서울특별시교육청,7010200,송곡여자고등학교,Songgok Girls’ High School,고등학교,서울특별시,중랑구,서울특별시교육청,사립,2057,서울특별시 중랑구 양원역로 67,(망우동),02-434-4598,http://www.songgok.hs.kr,여,02-438-8508,일반고,N,일반계,,후기,주간,19721231,19730524,37.6066890425626,127.105145451077
193,B10,서울특별시교육청,7010090,수도여자고등학교,Sudo Girls High School,고등학교,서울특별시,동작구,서울특별시교육청,공립,7062,서울특별시 동작구 여의대방로10길 73,/ 수도여자고등학교 (신대방동),02-2102-3506,http://www.sudo-gh.hs.kr,여,02-2102-3529,일반고,N,일반계,,후기,주간,19460610,19460610,37.4928014552579,126.914907105304
194,B10,서울특별시교육청,7010346,수도전기공업고등학교,Sudo Electric Technical High School,고등학교,서울특별시,강남구,서울특별시교육청,사립,6324,서울특별시 강남구 개포로 410,/ 수도전기공업고등학교 (개포동),070-4673-9800,http://www.sudo.hs.kr,남여공학,02-529-6381,특목고,N,전문계,산업수요 맞춤형 고등학교,전기,주간,19240301,19240302,37.4849375350333,127.064478665219
195,B10,서울특별시교육청,7010559,수락고등학교,Surak High School,고등학교,서울특별시,노원구,서울특별시교육청,공립,1602,서울특별시 노원구 동일로245길 143,(상계동/수락고등학교),070-8677-2100,http://surak.sen.hs.kr,남여공학,02-935-1460,자율고,N,일반계,,후기,주간,20020301,20020426,37.6829077650293,127.053570991513
196,B10,서울특별시교육청,7010885,수명고등학교,Sumyeong High School,고등학교,서울특별시,강서구,서울특별시교육청,공립,7635,서울특별시 강서구 수명로2길 15,/ 수명고등학교 (내발산동),02-2660-5500,http://www.sumyeong.hs.kr,남여공학,02-2660-5519,일반고,N,일반계,,후기,주간,20090301,20090504,37.5497618629354,126.824766247612
197,B10,서울특별시교육청,7010201,숙명여자고등학교,Sookmyung Girls’ High School,고등학교,서울특별시,강남구,서울특별시교육청,사립,6277,서울특별시 강남구 남부순환로 2807,/ 숙명여자고등학교 (도곡동),02-3462-5011,http://www.sookmyung.hs.kr,여,02-3462-0791,일반고,N,일반계,,후기,주간,19060522,19060522,37.4914753613052,127.052612582715
198,B10,서울특별시교육청,7010202,숭문고등학교,Soongmoon High School,고등학교,서울특별시,마포구,서울특별시교육청,사립,4126,서울특별시 마포구 숭문길 99,(대흥동),02-716-2980,http://soongmoon.sen.hs.kr,남,02-711-2980,자율고,N,일반계,,전기,주간,19460828,19460828,37.5508908073511,126.945768932715
199,B10,서울특별시교육청,7010203,숭실고등학교,Soongsil High School,고등학교,서울특별시,은평구,서울특별시교육청,사립,3445,서울특별시 은평구 은평터널로7길 6,(신사동),02-373-5910,http://www.soongsil.net,남,02-374-7166,일반고,N,일반계,,후기,주간,18971010,18971010,37.5932748232178,126.902403937432
200,B10,서울특별시교육청,7010204,숭의여자고등학교,Soongeui Girls’ High School,고등학교,서울특별시,동작구,서울특별시교육청,사립,6944,서울특별시 동작구 여의대방로36길 79,/ 숭의여자고등학교 (대방동),02-810-7800,http://soongeui.sen.hs.kr,여,02-813-0976,일반고,N,일반계,,후기,주간,19031031,19031031,37.507364139341,126.92924328346
201,B10,서울특별시교육청,7010205,신광여자고등학교,Shinkwang Girls’ High School,고등학교,서울특별시,용산구,서울특별시교육청,사립,4313,서울특별시 용산구 청파로 263,/ 신광여자고등학교 (청파동3가),02-710-6940,http://www.shinkwang.hs.kr,여,02-703-6910,일반고,N,일반계,,후기,주간,19530608,19530608,37.5428998795519,126.969447523164
202,B10,서울특별시교육청,7010983,신도고등학교,SINDO HIGH SCHOOL,고등학교,서울특별시,은평구,서울특별시교육청,공립,3312,서울특별시 은평구 통일로 961,(진관동),02-3157-0021,http://www.sindo.hs.kr,남여공학,02-3157-0035,일반고,N,일반계,,후기,주간,20110301,20110301,37.6291325083008,126.918748608965
203,B10,서울특별시교육청,7010884,신도림고등학교,Shindorim High School,고등학교,서울특별시,구로구,서울특별시교육청,공립,8200,서울특별시 구로구 경인로67길 159,(신도림동/신도림고등학교),02-2068-7979,https://shindorim.sen.hs.kr/,남여공학,02-2068-7622,일반고,N,일반계,,후기,주간,20090301,20090301,37.5140629233737,126.88208378322
204,B10,서울특별시교육청,7010092,신림고등학교,Sillim High School,고등학교,서울특별시,관악구,서울특별시교육청,공립,8772,서울특별시 관악구 문성로 119,/ 신림고등학교 (신림동),02-6219-8300,www.sillim.hs.kr,남여공학,02-869-1466,일반고,N,일반계,,후기,주간,19861217,19870506,37.4792104943499,126.916967177377
205,B10,서울특별시교육청,7010093,신목고등학교,Shinmok High School,고등학교,서울특별시,양천구,서울특별시교육청,공립,8018,서울특별시 양천구 안양천로 739,(신정동/신목고등학교),070-8720-5010,http://shinmok.hs.kr,남여공학,02-2645-5902,일반고,N,일반계,,후기,주간,19861217,19870528,37.512909431854,126.873606945101
206,B10,서울특별시교육청,7010765,신서고등학교,Sinseo High School,고등학교,서울특별시,양천구,서울특별시교육청,공립,8021,서울특별시 양천구 은행정로 42,/ 신서고등학교 (신정동),02-2690-0400,http://sinseo.sen.hs.kr,남여공학,02-2690-2227,일반고,N,일반계,,후기,주간,20060105,20060525,37.5239143189255,126.860209579436
207,B10,서울특별시교육청,7010206,신일고등학교,Shin-il High School,고등학교,서울특별시,강북구,서울특별시교육청,사립,1133,서울특별시 강북구 솔매로49길 20,(미아동/신일중고등학교),02-989-4151,http://www.shin-il.hs.kr,남,02-986-9565,자율고,N,일반계,,전기,주간,19661013,19661013,37.627967222367,127.028403050284
208,B10,서울특별시교육청,7011316,신진과학기술고등학교,SHINJIN SCIENCE TECHNOLOGY HIGH SCHOOL,고등학교,서울특별시,은평구,서울특별시교육청,사립,3453,서울특별시 은평구 은평로6길 16,(응암동/학교법인신진학원),02-385-3451,http://shinjin.sen.hs.kr,남여공학,02-383-3481,특성화고,N,전문계,,전기,주간,19700130,19700316,37.59871384669,126.918836393178
209,B10,서울특별시교육청,7010702,신현고등학교,Shinhyeon High School,고등학교,서울특별시,중랑구,서울특별시교육청,공립,2075,서울특별시 중랑구 봉화산로 174,/ 신현고등학교 (상봉동),02-3422-2713,http://shinhyeon.sen.hs.kr,남여공학,02-3422-2716,일반고,N,일반계,,후기,주간,20040301,20040429,37.6052490449627,127.092949934138
210,B10,서울특별시교육청,7010917,압구정고등학교,Apgujeong High School,고등학교,서울특별시,강남구,서울특별시교육청,공립,6003,서울특별시 강남구 압구정로39길 20,/ 압구정고등학교 (압구정동),02-549-0214,http://www.apgujeong.hs.kr/,남여공학,02-515-8610,일반고,N,일반계,,후기,주간,19861217,19870506,37.5311339475008,127.032711640733
211,B10,서울특별시교육청,7010094,양재고등학교,Yangjae High School,고등학교,서울특별시,서초구,서울특별시교육청,공립,6750,서울특별시 서초구 남부순환로346길 9,(서초동/양재고등학교),02-571-4457,http://yangjae.sen.hs.kr,남여공학,02-578-7507,일반고,N,일반계,,후기,주간,19900120,19901123,37.4824216431127,127.032079625373
212,B10,서울특별시교육청,7010208,양정고등학교,Yangchung High School,고등학교,서울특별시,양천구,서울특별시교육청,사립,7985,서울특별시 양천구 안양천로 1039,(목동/양정고등학교),02-2649-7071,http://www.yangchung.hs.kr,남,02-2649-7079,자율고,N,일반계,,전기,주간,19050512,19050512,37.5353922607054,126.887734285049
213,B10,서울특별시교육청,7010209,양천고등학교,Yangcheon High School,고등학교,서울특별시,양천구,서울특별시교육청,사립,8108,서울특별시 양천구 신정로14길 13,(신정동/양천고등학교),02-2605-5996,http://www.yangcheoncschool.net,남,02-2605-5986,일반고,N,일반계,,후기,주간,19840206,19840312,37.5083205987323,126.845202760621
214,B10,서울특별시교육청,7010095,언남고등학교,Eonnam High School,고등학교,서울특별시,서초구,서울특별시교육청,공립,6780,서울 서초구 동산로13길 35,(양재동/언남고등학교),02-575-2680,http://eonnam.sen.hs.kr,남여공학,02-579-7227,일반고,N,일반계,,후기,주간,19860125,19860430,37.4723300184587,127.043005236379
215,B10,서울특별시교육청,7010096,여의도고등학교,Yeouido High School,고등학교,서울특별시,영등포구,서울특별시교육청,공립,7338,서울특별시 영등포구 국제금융로7길 37,/ 여의도고등학교 (여의도동),070-8661-3005,http://yeouido.hs.kr,남,02-782-1279,일반고,N,일반계,,후기,주간,19721229,19730303,37.525051010673,126.934219234109
216,B10,서울특별시교육청,7010097,여의도여자고등학교,Yeouido Girls’High School,고등학교,서울특별시,영등포구,서울특별시교육청,공립,7341,서울특별시 영등포구 국제금융로7가길 13,/ 여의도여자고등학교 (여의도동),02-3780-4400,http://www.yeouido-gh.hs.kr,여,02-3780-4424,일반고,N,일반계,,후기,주간,19840301,19840506,37.5229539211231,126.934857399184
217,B10,서울특별시교육청,7010594,염광고등학교,Yumkwang High School,고등학교,서울특별시,노원구,서울특별시교육청,사립,1874,서울특별시 노원구 월계로45가길 9,(월계동),02-905-4221,http://yumkwang.hs.kr,남여공학,02-994-0122,일반고,N,일반계,,후기,주간,19821019,19830302,37.6302844506448,127.049264552091
218,B10,서울특별시교육청,7010910,염광여자메디텍고등학교,Yumkwang Girls` Meditech High School,고등학교,서울특별시,노원구,서울특별시교육청,사립,1874,서울특별시 노원구 월계로45가길 9,/ 염광여자메디텍고등학교 (월계동),02-994-3104,http://www.ykm.hs.kr,여,02-903-2813,특성화고,N,전문계,,전기,주간,19680301,19680301,37.6302844506448,127.049264552091
219,B10,서울특별시교육청,7010212,영동고등학교,Young Dong High School,고등학교,서울특별시,강남구,서울특별시교육청,사립,6065,서울특별시 강남구 선릉로 742,(청담동/ 영동고등학교),02-542-5071,yd.sen.hs.kr,남,02-542-5075,일반고,N,일반계,,후기,주간,19720418,19730603,37.5213890143821,127.043739258782
220,B10,서울특별시교육청,7010712,영동일고등학교,Youngdongil High School,고등학교,서울특별시,송파구,서울특별시교육청,사립,5555,서울특별시 송파구 석촌호수로 93,/ 영동일고등학교 (잠실동),02-430-6822,http://www.ydi.hs.kr,남여공학,02-430-3595,일반고,N,일반계,,후기,주간,19771230,19780324,37.5099746522433,127.089443727735
221,B10,서울특별시교육청,7010098,영등포고등학교,Youngdeungpo High School,고등학교,서울특별시,동작구,서울특별시교육청,공립,6933,서울특별시 동작구 등용로8길 5,(대방동/영등포고등학교),02-816-8323,http://www.ydp.hs.kr,남,02-824-4370,일반고,N,일반계,,후기,주간,19590313,19590407,37.5080846020876,126.933143484357
222,B10,서울특별시교육청,7010356,영등포공업고등학교,YeongDeungPo Technical High School,고등학교,서울특별시,강서구,서울특별시교육청,사립,7524,서울특별시 강서구 허준로5길 15,(가양동),02-2659-2981,https://younggong.sen.hs.kr ,남,02-2659-2986,특성화고,N,전문계,,전기,주간,19530409,19530409,37.5698356164942,126.850028274704
223,B10,서울특별시교육청,7010099,영등포여자고등학교,Yeongdeungpo Girls’ High School,고등학교,서울특별시,영등포구,서울특별시교육청,공립,7310,서울특별시 영등포구 영등포로62길 13,/ 영등포여자고등학교  (신길동)184-3,02-843-0479,http://ydpg.hs.kr,여,02-831-1114,일반고,N,일반계,,후기,주간,19530331,19530331,37.5153884476796,126.915356313843
224,B10,서울특별시교육청,7010214,영락고등학교,Youngnak High School,고등학교,서울특별시,관악구,서울특별시교육청,사립,8831,서울특별시 관악구 청룡16길 25,/ 영락고등학교 (봉천동),02-884-1003,https://yrgo.sen.hs.kr/,남여공학,02-884-8741,일반고,N,일반계,,후기,주간,19590409,19550301,37.4765425944329,126.945416385602
225,B10,서울특별시교육청,7011482,영락의료과학고등학교,YOUNGNAK MEDICAL-SCIENCE HIGH SCHOOL,고등학교,서울특별시,관악구,서울특별시교육청,사립,8831,서울특별시 관악구 청룡16길 25,(봉천동/ 서울영락고등학교/ 영락의료과학고등학교),02-884-1004,http://youngnak-c.sen.hs.kr,남여공학,02-876-2708,특성화고,N,전문계,,전기,주간,19520610,19590409,37.4765425944329,126.945416385602
226,B10,서울특별시교육청,7011088,영신간호비즈니스고등학교,YOUNGSHIN NURSING BUSINESSS HIGH SCHOOL,고등학교,서울특별시,노원구,서울특별시교육청,사립,1721,서울특별시 노원구 중계로16나길 13,/ 영신간호비즈니스고등학교 (중계동),02-951-5772,http://youngshin.sen.hs.kr,여,02-3391-9702,특성화고,N,전문계,,전기,주간,19921007,19930508,37.6525485061054,127.08350874514
227,B10,서울특별시교육청,7010100,영신고등학교,YOUNGSHIN HIGH SCHOOL,고등학교,서울특별시,영등포구,서울특별시교육청,공립,7436,서울 영등포구 대방천로14길 18,/ 영신고등학교 (신길동/영신고등학교),02-834-6051,http://www.ysh.or.kr,남여공학,02-831-3539,일반고,N,일반계,,후기,주간,19900120,19910501,37.4981009442437,126.909739022671
228,B10,서울특별시교육청,7010215,영신여자고등학교,Youngshin Girls’ High School,고등학교,서울특별시,노원구,서울특별시교육청,사립,1721,서울특별시 노원구 중계로16나길 13,(중계동/영신여자고등학교),02-930-8455,http://ys.sen.hs.kr,여,02-934-8565,일반고,N,일반계,,후기,주간,19871215,19871215,37.6525485061054,127.08350874514
229,B10,서울특별시교육청,7010216,영일고등학교,Youngil High School,고등학교,서울특별시,강서구,서울특별시교육청,사립,7669,서울특별시 강서구 등촌로51가길 26,/ 영일고등학교 (등촌동),02-2653-8134,http://youngil.hs.kr,남,02-2652-2846,일반고,N,일반계,,후기,주간,19740607,19750515,37.5472872620345,126.86205890011
230,B10,서울특별시교육청,7010217,영파여자고등학교,Youngpa Girls` High School,고등학교,서울특별시,송파구,서울특별시교육청,사립,5529,서울특별시 송파구 올림픽로 565,/ 영파여자고등학교 (풍납동),02-483-8881,http://youngpa.hs.kr,여,02-488-2358,일반고,N,일반계,,후기,주간,19721229,19671028,37.5327356176544,127.11973953985
231,B10,서울특별시교육청,7010218,영훈고등학교,Younghoon High School,고등학교,서울특별시,강북구,서울특별시교육청,사립,1211,서울특별시 강북구 도봉로13가길 19,(미아동/학교법인영훈학원),02-986-2500,http://www.younghoon.hs.kr,남여공학,02-983-0217,일반고,N,일반계,,후기,주간,19721229,19730327,37.6146818749027,127.02809331872
232,B10,서울특별시교육청,7011184,예림디자인고등학교,Yerim Design High School,고등학교,서울특별시,구로구,서울특별시교육청,사립,8248,서울특별시 구로구 오리로21길 2,(궁동/예림디자인고등학교),02-2617-2333,http://yerim.sen.hs.kr,여,02-2615-5415,특성화고,N,전문계,,전기,주간,19651205,20211205,37.5003550678039,126.827683012604
233,B10,서울특별시교육청,7010810,예일디자인고등학교,Yale Design High School,고등학교,서울특별시,은평구,서울특별시교육청,사립,3412,서울특별시 은평구 연서로 117,/ 예일디자인고등학교 (구산동),02-380-0855,http://yaledesign.sen.hs.kr,여,02-380-0880,특성화고,N,전문계,,전기,주간,19930926,19930926,37.6109458980893,126.914792838283
234,B10,서울특별시교육청,7010219,예일여자고등학교,Yale Girls’ High School,고등학교,서울특별시,은평구,서울특별시교육청,사립,3412,서울특별시 은평구 연서로 117,/ 예일여자고등학교 (구산동/수위실),02-380-0812,www.yale.hs.kr,여,02-380-0840,일반고,N,일반계,,후기,주간,19650926,19650926,37.6109458980893,126.914792838283
235,B10,서울특별시교육청,7010101,오금고등학교,Ogeum High School,고등학교,서울특별시,송파구,서울특별시교육청,공립,5660,서울특별시 송파구 중대로 247,(오금동),02-406-0592,http://ogeum.sen.hs.kr,남여공학,02-448-5671,일반고,N,일반계,,후기,주간,19871215,19880421,37.5045321738186,127.128968951167
236,B10,서울특별시교육청,7010544,오류고등학교,Oryu High School,고등학교,서울특별시,구로구,서울특별시교육청,사립,8248,서울특별시 구로구 오리로21길 2,(궁동/ 오류고등학교),02-2684-2300,http://oryu.hs.kr,여,02-2685-5980,일반고,N,일반계,,후기,주간,19991127,19991127,37.5003550678039,126.827683012604
237,B10,서울특별시교육청,7010220,오산고등학교,Osan High School,고등학교,서울특별시,용산구,서울특별시교육청,사립,4396,서울특별시 용산구 보광로7길 17,(보광동),02-7999-500,http://www.osan.hs.kr,남,02-7999-699,일반고,N,일반계,,후기,주간,19070515,19070515,37.5235805097988,127.000887240982
238,B10,서울특별시교육청,7010221,용문고등학교,Yongmoon High School,고등학교,서울특별시,성북구,서울특별시교육청,사립,2843,서울특별시 성북구 고려대로17가길 46,(안암동2가/ 용문중고등학교),02-928-3871,http://www.ymoon.hs.kr/,남,02-927-0860,일반고,N,일반계,,후기,주간,19461012,19461012,37.5886903262008,127.024660795253
239,B10,서울특별시교육청,7010103,용산고등학교,Yongsan High School,고등학교,서울특별시,용산구,서울특별시교육청,공립,4353,서울특별시 용산구 두텁바위로 60,(용산동2가/용산고등학교),02-3706-6700,http://yongsan.sen.hs.kr,남,02-318-4439,일반고,N,일반계,,후기,주간,19460909,19460909,37.5458673821179,126.980327669219
240,B10,서울특별시교육청,7011495,용산철도고등학교,Yongsan Railroad High School,고등학교,서울특별시,용산구,서울특별시교육청,공립,4388,서울특별시 용산구 서빙고로 24,(한강로3가/ 용산철도고등학교),02-6905-7777,http://yongsan-th.sen.hs.kr,남여공학,02-6905-7890,특성화고,N,전문계,,전기,주간,19630518,19630518,37.5243415841733,126.967358069735
241,B10,서울특별시교육청,7010222,용화여자고등학교,Yonghwa Girls’ High School,고등학교,서울특별시,노원구,서울특별시교육청,사립,1687,서울특별시 노원구 동일로 1461,/ 용화여자고등학교 (상계동/용화여자고등학교),02-950-3500,http://www.yonghwa.hs.kr/,여,02-933-1677,일반고,N,일반계,,후기,주간,19871215,19870422,37.6591313767305,127.058280693098
242,B10,서울특별시교육청,7010223,우신고등학교,Wooshin High School,고등학교,서울특별시,구로구,서울특별시교육청,사립,8258,서울특별시 구로구 부일로 917,/ 우신고등학교 (궁동),02-2610-1518,http://wooshin.sen.hs.kr,남,02-2610-1599,일반고,N,일반계,,후기,주간,19740105,19740523,37.4949023087281,126.826353599765
243,B10,서울특별시교육청,7010805,원묵고등학교,Wonmook High School,고등학교,서울특별시,중랑구,서울특별시교육청,공립,2041,서울특별시 중랑구 숙선옹주로 82,/ 원묵고등학교 (묵동),02-3422-3573,http://wonmook.hs.kr,남여공학,02-3422-2578,자율고,N,일반계,,후기,주간,20031219,20070531,37.6152323139525,127.085507784516
244,B10,서울특별시교육청,7010735,월계고등학교,Wolgye High School,고등학교,서울특별시,노원구,서울특별시교육청,공립,1874,서울특별시 노원구 초안산로5길 66,(월계동/월계고등학교),02-908-0062,http://wg.hs.kr,남여공학,02-908-0260,일반고,N,일반계,,후기,주간,20050105,20050301,37.6317330134184,127.048715943694
245,B10,서울특별시교육청,7010365,유한공업고등학교,Yuhan Technical High School,고등학교,서울특별시,구로구,서울특별시교육청,사립,8360,서울특별시 구로구 경인로 8,(항동),02-2610-0993,http://yuhan.sen.hs.kr,남여공학,02-2618-1868,특성화고,N,전문계,,전기,주간,19641229,19641229,37.4879765968891,126.823290699072
246,B10,서울특별시교육청,7010226,은광여자고등학교,Eunkwang Girls’ High School,고등학교,서울특별시,강남구,서울특별시교육청,사립,6264,서울특별시 강남구 남부순환로359길 36,(도곡동),02-3462-2005,http://www.eunkwang.hs.kr,여,02-3462-2002,일반고,N,일반계,,후기,주간,19550315,19461015,37.4883484513575,127.035021467585
247,B10,서울특별시교육청,7010882,은평고등학교,Eunpyeong High School,고등학교,서울특별시,은평구,서울특별시교육청,공립,3429,서울특별시 은평구 갈현로15길 47,(구산동/ 은평고등학교),02-383-0872,http://ep.sen.hs.kr,남여공학,02-383-0860,일반고,N,일반계,,후기,주간,20090301,20090301,37.6091520473272,126.905808015137
248,B10,서울특별시교육청,7010962,은평메디텍고등학교,Eunpyeong MediTech High School,고등학교,서울특별시,은평구,서울특별시교육청,사립,3306,서울특별시 은평구 진관2로 57-57,(진관동/은평메디텍고등학교),070-4020-6800,http://www.eunpyeong.hs.kr,남여공학,02-357-0836,특성화고,N,전문계,,전기,주간,19700302,19910807,37.6353465248875,126.929704776155
249,B10,서울특별시교육청,7010227,이화여자고등학교,Ewha Girls’ High School,고등학교,서울특별시,중구,서울특별시교육청,사립,4516,서울특별시 중구 정동길,/ 26 (정동),02-752-3353,http://www.ewha.hs.kr,여,02-319-0669,자율고,N,일반계,,전기,주간,18860531,18860531,37.565689,126.971218
250,B10,서울특별시교육청,7010747,이화여자대학교병설미디어고등학교,Ewha Media High School,고등학교,서울특별시,중랑구,서울특별시교육청,사립,2061,서울특별시 중랑구 망우로73길 56,/ 02061 (망우동),02-2209-0146,https://ewhamedia.sen.hs.kr,여,02-438-1549,특성화고,N,전문계,,전기,주간,19690110,19690918,37.6031323992803,127.105332396209
251,B10,서울특별시교육청,7010547,이화여자대학교사범대학부속이화금란고등학교,Ewha Womans University High School,고등학교,서울특별시,서대문구,서울특별시교육청,사립,3759,서울특별시 서대문구 성산로 560,/ 이대부속고등학교 (대신동),02-361-6200,http://edaebugo.sen.hs.kr,남여공학,02-313-5602,자율고,N,일반계,,전기,주간,19580215,19580401,37.5663888550725,126.947355714248
252,B10,서울특별시교육청,7010230,이화여자외국어고등학교,Ewha Girls’ Foreign Language High School,고등학교,서울특별시,중구,서울특별시교육청,사립,4516,서울특별시 중구 통일로4길 30,(순화동),02-2176-1992,http://www.ewha-gfh.hs.kr,여,02-2176-1994,특목고,N,일반계,외국어계열,전기,주간,19910911,19910911,37.5655773233848,126.969641663889
253,B10,서울특별시교육청,7011493,인덕과학기술고등학교,Induk Science and Technology High School,고등학교,서울특별시,노원구,서울특별시교육청,사립,1878,서울특별시 노원구 초안산로 12,/ 인덕과학기술고등학교 (월계동/ 인덕대학교/인덕공업고등학교),02-902-2060,http://induk.sen.hs.kr,남여공학,02-996-9278,특성화고,N,전문계,,전기,주간,19631214,19631214,37.6303438661503,127.054499915273
254,B10,서울특별시교육청,7010231,인창고등학교,Inchang High School,고등학교,서울특별시,서대문구,서울특별시교육청,사립,3746,서울특별시 서대문구 경기대로 65,/ 인창고등학교 (충정로2가),02-360-3700,http://www.inchang.ne.kr,남,02-360-3737,일반고,N,일반계,,후기,주간,19531010,19531010,37.564885131451,126.964023197643
255,B10,서울특별시교육청,7010104,인헌고등학교,Inhun High School,고등학교,서울특별시,관악구,서울특별시교육청,공립,8796,서울특별시 관악구 인헌9길 74,(봉천동/인헌고등학교),02-886-6253,inhun.sen.hs.kr,남여공학,02-872-0495,일반고,N,일반계,,후기,주간,19841207,19850605,37.4723107319026,126.970485117895
256,B10,서울특별시교육청,7010370,일신여자상업고등학교,ILSHIN Girls’ Commercial High School,고등학교,서울특별시,송파구,서울특별시교육청,사립,5676,서울특별시 송파구 송파대로38길 8,(송파동/일신여자상업고등학교),02-2140-8223,http://ilshin.sen.hs.kr,여,02-2140-8224,특성화고,N,전문계,,전기,주간,19560316,19580406,37.5017941334924,127.114241325581
257,B10,서울특별시교육청,7010105,자양고등학교,Jayang High School,고등학교,서울특별시,광진구,서울특별시교육청,공립,5069,서울특별시 광진구 뚝섬로37길 28,(자양동/자양고등학교),02-2049-4100,http://jayang.sen.hs.kr,남여공학,02-2049-4288,일반고,N,일반계,,후기,주간,19831226,19840515,37.536077967735,127.073339535384
258,B10,서울특별시교육청,7010703,자운고등학교,Jawoon High School,고등학교,서울특별시,도봉구,서울특별시교육청,공립,1412,서울특별시 도봉구 노해로69길 150,(창동),02-998-2929,http://jawoon.sen.hs.kr,남여공학,02-998-2942,일반고,N,일반계,,후기,주간,20020527,20040423,37.6590464061269,127.050690661699
259,B10,서울특별시교육청,7010106,잠신고등학교,Jamsin High School,고등학교,서울특별시,송파구,서울특별시교육청,공립,5502,서울특별시 송파구 잠실로 24,/ 잠신고등학교 (잠실동),02-417-8771,http://www.jamsin.or.kr,남여공학,02-421-9751,일반고,N,일반계,,후기,주간,19881223,19881223,37.5147012912615,127.08828295987
260,B10,서울특별시교육청,7010107,잠실고등학교,Jamsil High School,고등학교,서울특별시,송파구,서울특별시교육청,공립,5507,서울특별시 송파구 올림픽로33길 71,/ 잠실고등학교 (신천동),02-2141-3700,http://jamsil.sen.hs.kr,남,02-2141-3880,일반고,N,일반계,,후기,주간,19821130,19830404,37.522930433109,127.106515037791
261,B10,서울특별시교육청,7010232,잠실여자고등학교,Jamsil Girls’ High School,고등학교,서울특별시,송파구,서울특별시교육청,사립,5676,서울특별시 송파구 송파대로38길 8,(송파동) 잠실여자고등학교,02-2140-8031,http://www.jamsilg.hs.kr,여,02-2140-8024,일반고,N,일반계,,후기,주간,19821130,19830513,37.5017941334924,127.114241325581
262,B10,서울특별시교육청,7011112,잠일고등학교,Jamil High School,고등학교,서울특별시,송파구,서울특별시교육청,공립,5501,서울특별시 송파구 백제고분로 21,(잠실동),02-2141-2000,http://jamil.sen.hs.kr,남여공학,02-414-9973,일반고,N,일반계,,후기,주간,20120301,20120506,37.5145543759031,127.082367731592
263,B10,서울특별시교육청,7010233,장충고등학교,Jangchung High School,고등학교,서울특별시,중구,서울특별시교육청,사립,4603,서울특별시 중구 동호로15길 93,(신당동),02-2233-9990,http://www.jangchung.hs.kr,남,02-2236-6660,일반고,N,일반계,,후기,주간,19470901,19470901,37.5535149002283,127.006414953028
264,B10,서울특별시교육청,7010234,장훈고등학교,Janghoon High School,고등학교,서울특별시,영등포구,서울특별시교육청,사립,7316,서울특별시 영등포구 영등포로64길 26,/ 장훈고등학교 (신길동),02-842-6921,http://www.janghoon.hs.kr,남,02-831-7435,자율고,N,일반계,,전기,주간,19640113,19640113,37.5133455931748,126.916228547854
265,B10,서울특별시교육청,7010235,재현고등학교,Jaehyun High School,고등학교,서울특별시,노원구,서울특별시교육청,사립,1717,서울특별시 노원구 덕릉로82길 64,/ 재현고등학교 (중계동),02-932-4812,http://jaehyun.sen.hs.kr,남,02-6000-9358,일반고,N,일반계,,후기,주간,19780303,19780303,37.6612906377296,127.080799772038
266,B10,서울특별시교육청,7010236,정신여자고등학교,Chungshin Girls’ High School,고등학교,서울특별시,송파구,서울특별시교육청,사립,5571,서울특별시 송파구 올림픽로4길 16,/ 정신여자고등학교 (잠실동),02-423-4014,http://chungshin.sen.hs.kr,여,02-420-9607,일반고,N,일반계,,후기,주간,18871020,19871020,37.5094538398143,127.073847329188
267,B10,서울특별시교육청,7010237,정의여자고등학교,Jeong Eui Girls’ High School,고등학교,서울특별시,도봉구,서울특별시교육청,사립,1438,서울특별시 도봉구 노해로49길 69,(쌍문동/정의여자고등학교),02-992-5104,http://jeongeui.sen.hs.kr,여,02-991-0876,일반고,N,일반계,,후기,주간,19760305,19761007,37.6533558400471,127.032427255133
268,B10,서울특별시교육청,7010372,정화여자상업고등학교,Jeonghwa Girls’ Commercial High School,고등학교,서울특별시,동대문구,서울특별시교육청,사립,2480,서울특별시 동대문구 홍릉로15길 50,(제기동)정화여자상업고등학교,02-966-9333,http://jeonghwa.sen.hs.kr,여,02-965-9155,특성화고,N,전문계,,전기,주간,19080901,19080901,37.586048641672,127.041070321981
269,B10,서울특별시교육청,7010108,중경고등학교,Jungkyung High School,고등학교,서울특별시,용산구,서울특별시교육청,공립,4426,서울특별시 용산구 이촌로84길 34,(이촌동),02-793-2540,http://jungkyung.hs.kr,남여공학,02-796-5727,자율고,N,일반계,,후기,주간,19820301,19820301,37.5176803956953,126.975638256286
270,B10,서울특별시교육청,7010238,중동고등학교,Joongdong High School,고등학교,서울특별시,강남구,서울특별시교육청,사립,6338,서울특별시 강남구 일원로 7,(일원동),02-3411-0100,www.joongdong.hs.kr,남,02-3411-0154,자율고,N,일반계,,전기,주간,19060510,19060510,37.4937134106081,127.080660058176
271,B10,서울특별시교육청,7010239,중산고등학교,Jungsan High School,고등학교,서울특별시,강남구,서울특별시교육청,사립,6350,서울특별시 강남구 일원로14길 22,(일원동/중산고등학교),02-2112-9000,http://www.jungsan.hs.kr,남,02-2226-0196,일반고,N,일반계,,후기,주간,19940301,19940325,37.4857429318866,127.0814284922
272,B10,서울특별시교육청,7010240,중앙고등학교,Choong-ang High School,고등학교,서울특별시,종로구,서울특별시교육청,사립,3051,서울특별시 종로구 창덕궁길 164,(계동),02-742-1321,http://choongang.sen.hs.kr,남,02-745-6322,자율고,N,일반계,,전기,주간,19080620,19080620,37.5837882231459,126.987472622092
273,B10,서울특별시교육청,7010241,중앙대학교사범대학부속고등학교,CHUNGANG UNIVERSITY HIGH SCHOOL ,고등학교,서울특별시,강남구,서울특별시교육청,사립,6277,서울특별시 강남구 선릉로 207,/ 중앙대학교사범대학부속고등학교 (도곡동),02-579-4005,http://www.cau.hs.kr,남여공학,02-572-7455,일반고,N,일반계,,후기,주간,19340415,19340415,37.4918425685769,127.05169012944
274,B10,서울특별시교육청,7010243,중앙여자고등학교,Jung-Ang Girls’ High School,고등학교,서울특별시,서대문구,서울특별시교육청,사립,3762,서울특별시 서대문구 북아현로11가길 7,(북아현동),02-362-3062,http://jungang-girls.sen.hs.kr,여,02-393-5129,일반고,N,일반계,,후기,주간,19401010,19401010,37.5631767195176,126.954059321222
275,B10,서울특별시교육청,7010109,중화고등학교,Junghwa high school,고등학교,서울특별시,중랑구,서울특별시교육청,공립,2047,서울특별시 중랑구 봉화산로27길 62,(중화동/ 중화고등학교),02-491-6807,http://www.jung-hwa.hs.kr,남여공학,02-438-9762,일반고,N,일반계,,후기,주간,19871215,19880423,37.6048146052263,127.083654104942
276,B10,서울특별시교육청,7010883,진관고등학교,Jingwan High School,고등학교,서울특별시,은평구,서울특별시교육청,공립,3302,서울특별시 은평구 진관4로 26,(진관동),02-358-0783,http://www.jingwan.hs.kr,남여공학,02-358-0866,일반고,N,일반계,,후기,주간,20090102,20090604,37.643338571257,126.924382489033
277,B10,서울특별시교육청,7010244,진명여자고등학교,Jinmyeong Girls’ High School,고등학교,서울특별시,양천구,서울특별시교육청,사립,8002,서울특별시 양천구 목동로 170,/ 진명여자고등학교 (목동),02-2643-1711,http://jm.sen.hs.kr,여,02-2649-8327,일반고,N,일반계,,후기,주간,19060421,19060421,37.5240834137562,126.865465205432
278,B10,서울특별시교육청,7010245,진선여자고등학교,Jinseon Girls’ High School,고등학교,서울특별시,강남구,서울특별시교육청,사립,6213,서울특별시 강남구 선릉로85길 27,(진선여자고등학교/역삼동),02-2148-0400,http://www.jinseon.hs.kr,여,02-561-7210,일반고,N,일반계,,후기,주간,19761228,19761228,37.5023028920315,127.048286565491
279,B10,서울특별시교육청,7010110,창덕여자고등학교,Changduk Girls’ High School,고등학교,서울특별시,송파구,서울특별시교육청,공립,5649,서울특별시 송파구 양재대로 1240,/ 창덕여자고등학교 (방이동),02-401-4924,http://changduk.sen.hs.kr,여,02-430-5601,일반고,N,일반계,,후기,주간,19410402,19410422,37.5162435130486,127.140273586345
280,B10,서울특별시교육청,7010562,창동고등학교,Changdong High School,고등학교,서울특별시,도봉구,서울특별시교육청,공립,1483,서울특별시 도봉구 노해로62길 7,(창동/ 창동고등학교),02-3146-0600,http://changdong.sen.hs.kr,남여공학,02-994-7622,일반고,N,일반계,,후기,주간,20020301,20020301,37.6510357712645,127.038819095625
281,B10,서울특별시교육청,7010246,창문여자고등학교,Changmun Girls’ High School,고등학교,서울특별시,강북구,서울특별시교육청,사립,1237,서울특별시 강북구 월계로 61,/ 창문여자고등학교 (미아동),02-986-1701,http://www.changmun.hs.kr,여,02-985-1316,일반고,N,일반계,,후기,주간,19741227,19751010,37.6134009168268,127.035828005248
282,B10,서울특별시교육청,7010112,청담고등학교,Chungdam High School,고등학교,서울특별시,강남구,서울특별시교육청,공립,6009,서울특별시 강남구 압구정로 419,/ 청담고등학교 (압구정동),02-3496-8203,http://www.chungdam.hs.kr,남여공학,02-3496-8398,일반고,N,일반계,,후기,주간,19900120,19900522,37.5279473627751,127.043866627763
283,B10,서울특별시교육청,7010113,청량고등학교,Chungryang High School,고등학교,서울특별시,동대문구,서울특별시교육청,공립,2461,서울특별시 동대문구 왕산로 303,(청량리동/ 청량고등학교),02-959-4362,http://www.chungryang.hs.kr,남여공학,02-959-1887,자율고,N,일반계,,후기,주간,19811231,19820402,37.5888860047887,127.051310950177
284,B10,서울특별시교육청,7010247,청원고등학교,Cheong-won High School,고등학교,서울특별시,노원구,서울특별시교육청,사립,1672,서울특별시 노원구 한글비석로 506,/ 청원고등학교 (상계동),02-3399-7771,http://www.cheongwon.hs.kr,남,02-3399-7774,일반고,N,일반계,,후기,주간,19881112,19890510,37.6652515464657,127.062532889006
285,B10,서울특별시교육청,7010552,청원여자고등학교,Cheongwon Girls’ High School,고등학교,서울특별시,노원구,서울특별시교육청,사립,1672,서울특별시 노원구 한글비석로 506,/ 청원여자고등학교 (상계동/청원초/중/고등학교),02-3399-7811,http://www.cheongwon-gh.hs.kr,여,02-3399-7842,일반고,N,일반계,,후기,주간,20010301,20010510,37.6652515464657,127.062532889006
286,B10,서울특별시교육청,7010248,충암고등학교,Choongam High School,고등학교,서울특별시,은평구,서울특별시교육청,사립,3481,서울특별시 은평구 가좌로5길 5,(응암동),02-309-0236,http://www.cham.sen.hs.kr,남,02-302-8779,일반고,N,일반계,,후기,주간,19680110,19681109,37.5846402882465,126.921809482886
287,B10,서울특별시교육청,7010114,태릉고등학교,Taereung High School,고등학교,서울특별시,중랑구,서울특별시교육청,공립,2021,서울특별시 중랑구 신내로23길 36,/ 태릉고등학교 (묵동),02-6211-8585,http://taereung.sen.hs.kr,남여공학,02-6211-8586,일반고,N,일반계,,후기,주간,19841217,19850507,37.6189925408244,127.085819844147
288,B10,서울특별시교육청,7011457,풍문고등학교,Poongmoon High School,고등학교,서울특별시,강남구,서울특별시교육청,사립,6373,서울특별시 강남구 자곡로 152,(자곡동),02-3451-8800,http://poongmoon.sen.hs.kr,남여공학,02-732-4536,일반고,N,일반계,,후기,주간,19440410,19440410,37.4713361652893,127.09996343408
289,B10,서울특별시교육청,7010918,하나고등학교,Hana Academy Seoul,고등학교,서울특별시,은평구,서울특별시교육청,사립,3305,서울특별시 은평구 연서로 535,/ 하나고등학교 (진관동),02-6913-1111,http://www.hana.hs.kr,남여공학,02-6913-1785,자율고,N,일반계,,전기,주간,20090821,20091031,37.6416375903135,126.936930247565
290,B10,서울특별시교육청,7010250,한가람고등학교,Hangaram High School,고등학교,서울특별시,양천구,서울특별시교육청,사립,7984,서울특별시 양천구 목동서로 15,(목동),02-2642-3862,http://www.hangaram.hs.kr,남여공학,02-2642-3865,자율고,N,일반계,,전기,주간,19961210,19961210,37.5374620404618,126.88400754353
291,B10,서울특별시교육청,7010828,한강미디어고등학교,Hangang Media High School,고등학교,서울특별시,영등포구,서울특별시교육청,공립,7206,서울특별시 영등포구 선유로55길 22,(양평동4가/한강미디어고등학교),02-2671-1448,http://www.hangang-ech.hs.kr,남여공학,02-2635-6399,특성화고,N,전문계,,전기,주간,19950110,19950110,37.5393010496265,126.897109034358
292,B10,서울특별시교육청,7010251,한광고등학교,Hankwang High School,고등학교,서울특별시,강서구,서울특별시교육청,사립,7732,서울특별시 강서구 등촌로13길 110,(화곡동),070-7458-1003,www.hankwang.hs.kr,남여공학,02-2652-4529,일반고,N,일반계,,후기,주간,19870119,19870119,37.5388437129063,126.857939342826
293,B10,서울특별시교육청,7010252,한국삼육고등학교,Hankook Sahmyook High School,고등학교,서울특별시,노원구,서울특별시교육청,사립,1795,서울특별시 노원구 화랑로 815,(공릉동),02-6395-3636,https://sahmyook.sen.hs.kr,남여공학,02-971-8029,일반고,N,일반계,,후기,주간,19491113,19491113,37.643357369067,127.108850343184
294,B10,서울특별시교육청,7010253,한서고등학교,Hanseo High School,고등학교,서울특별시,강서구,서울특별시교육청,사립,7507,서울특별시 강서구 양천로11길 47,(방화동),02-2662-0021,http://hanseo.hs.kr,남여공학,02-2664-0028,일반고,N,일반계,,후기,주간,19840217,19850311,37.5747927037293,126.808143937842
295,B10,서울특별시교육청,7010254,한성고등학교,Hanseong High School,고등학교,서울특별시,서대문구,서울특별시교육청,사립,3771,서울특별시 서대문구 북아현로1길 24,(북아현동),02-363-4943,http://hanseong.sen.hs.kr,남,02-364-6926,일반고,N,일반계,,후기,주간,19280925,19280925,37.559096439531,126.954456481223
296,B10,서울특별시교육청,7010115,한성과학고등학교,Hansung Science High School,고등학교,서울특별시,서대문구,서울특별시교육청,공립,3732,서울특별시 서대문구 통일로 279-79,/ 한성과학고등학교 (현저동),02-6917-0000,https://hansungsh.sen.hs.kr,남여공학,02-6917-0099,특목고,N,일반계,과학계열,전기,주간,19920301,19920925,37.57543616578,126.952370943937
297,B10,서울특별시교육청,7010255,한성여자고등학교,Hansung Girls’ High School,고등학교,서울특별시,성북구,서울특별시교육청,사립,2876,서울특별시 성북구 삼선교로16길 117,/ 한성여자고등학교 (삼선동2가),02-742-2845,http://www.hansung-g.sen.hs.kr,여,02-743-8182,일반고,N,일반계,,후기,주간,19451005,19451005,37.583064896247,127.011742675693
298,B10,서울특별시교육청,7010911,한세사이버보안고등학교,Hansei Cyber Security High School,고등학교,서울특별시,마포구,서울특별시교육청,사립,4129,서울특별시 마포구 마포대로11길 44-80,(아현동),02-362-0130,http://www.hansei.org,남여공학,02-312-3996,특성화고,N,전문계,,전기,주간,19941005,19941005,37.5517983189983,126.952078400158
299,B10,서울특별시교육청,7010377,한양공업고등학교,Hanyang Technical High School,고등학교,서울특별시,중구,서울특별시교육청,사립,4566,서울특별시 중구 을지로 299,(신당동),02-2238-5181,http://www.hanyang.hs.kr,남,02-2235-3154,특성화고,N,전문계,,전기,주간,19450901,19450901,37.5658716036039,127.011443307588
300,B10,서울특별시교육청,7010793,한양대학교사범대학부속고등학교,Hanyang High School Attached to the College of Education/ Hanyang University,고등학교,서울특별시,성동구,서울특별시교육청,사립,4761,서울특별시 성동구 마조로 42,(사근동),02-2200-3520,http://www.hanyang-u.hs.kr/,남여공학,02-2298-3173,자율고,N,일반계,,전기,주간,19600515,19600515,37.5619188387132,127.042324044658
301,B10,서울특별시교육청,7010258,한영고등학교,Hanyoung High School,고등학교,서울특별시,강동구,서울특별시교육청,사립,5279,서울특별시 강동구 동남로 832,(상일동/ 한영고등학교),02-6954-1504,http://hanyoung.hs.kr,남여공학,02-6954-1244,일반고,N,일반계,,후기,주간,19330418,19330418,37.5490844724683,127.156927612469
302,B10,서울특별시교육청,7010259,한영외국어고등학교,Hanyoung Foreign Language High School,고등학교,서울특별시,강동구,서울특별시교육청,사립,5279,서울특별시 강동구 동남로 832,(상일동),02-6954-1703,http://hyfl.sen.hs.kr,남여공학,02-429-0360,특목고,N,일반계,외국어계열,전기,주간,19900301,19900418,37.5490844724683,127.156927612469
303,B10,서울특별시교육청,7010811,해성국제컨벤션고등학교,HAESUNG INTERNATIONAL CONVENTION HIGH SCHOOL,고등학교,서울특별시,동대문구,서울특별시교육청,사립,2505,서울특별시 동대문구 전농로20길 31,/ 해성국제컨벤션고등학교 (전농동),070-8786-1300,http://www.haesung.hs.kr,여,02-2214-1958,특성화고,N,전문계,,전기,주간,19560328,19610404,37.5818725994505,127.056976879173
304,B10,서울특별시교육청,7010818,해성여자고등학교,Haesung Girls’ High School,고등학교,서울특별시,동대문구,서울특별시교육청,사립,2505,서울특별시 동대문구 전농로20길 31,(전농동/해성여자고등학교),02-2244-5318,http://haesung-g.hs.kr,여,070-8769-9458,일반고,N,일반계,,후기,주간,20080301,20080301,37.5818725994505,127.056976879173
305,B10,서울특별시교육청,7010260,현대고등학교,Hyundai Senior High School,고등학교,서울특별시,강남구,서울특별시교육청,사립,6000,서울특별시 강남구 압구정로 127,(압구정동/ 현대고등학교),02-546-6323,http://www.hyundai.hs.kr,남여공학,02-514-3106,자율고,N,일반계,,전기,주간,19841217,19850429,37.5254804993365,127.022377298509
306,B10,서울특별시교육청,7010261,혜성여자고등학교,Hyesung Girls’ High School,고등학교,서울특별시,노원구,서울특별시교육청,사립,1749,서울특별시 노원구 노원로16길 2,(하계동),02-972-4040,http://www.hyesung.hs.kr,여,02-972-0992,일반고,N,일반계,,후기,주간,19821130,19821010,37.6405502075269,127.073619657657
307,B10,서울특별시교육청,7010262,혜원여자고등학교,Hyewon Girls’ High School,고등학교,서울특별시,중랑구,서울특별시교육청,사립,2174,서울특별시 중랑구 봉우재로58길 39,(망우동),02-434-5946,http://hyewon.sen.hs.kr,여,02-437-6687,일반고,N,일반계,,후기,주간,19721226,19730305,37.5932798745236,127.097042711299
308,B10,서울특별시교육청,7010116,혜화여자고등학교,Hyehwa Girls’ High School,고등학교,서울특별시,강북구,서울특별시교육청,공립,1095,서울특별시 강북구 인수봉로 127,(수유동/혜화여자고등학교),02-985-8415,http://hyehwa-h.sen.hs.kr,여,02-987-8343,일반고,N,일반계,,후기,주간,19660305,19660305,37.6313084157842,127.013212021303
309,B10,서울특별시교육청,7010263,홍익대학교사범대학부속고등학교,HONGIK University High School,고등학교,서울특별시,성북구,서울특별시교육청,사립,2835,서울특별시 성북구 성북로14가길 23,(성북동/홍익대학교부속중고등학교),02-762-0826,hongik.sen.hs.kr,남,02-765-4549,일반고,N,일반계,,후기,주간,19540304,19540412,37.5936666161184,127.002804963597
310,B10,서울특별시교육청,7010264,홍익대학교사범대학부속여자고등학교,Hongik University Girls` High School,고등학교,서울특별시,마포구,서울특별시교육청,사립,3967,서울특별시 마포구 성미산로 51,(성산동/ 여자고등학교),02-331-7584,http://hongik68.sen.hs.kr,여,02-331-7300,일반고,N,일반계,,후기,주간,19671229,19680312,37.559665162458,126.912928685692
311,B10,서울특별시교육청,7011087,홍익디자인고등학교,Hongik Design High School,고등학교,서울특별시,마포구,서울특별시교육청,사립,3977,서울특별시 마포구 성미산로 111,(연남동),02-3140-1256,http://hid.sen.hs.kr,여,02-3140-1340,특성화고,N,전문계,,전기,주간,19920727,19920727,37.563510635781,126.919166278819
312,B10,서울특별시교육청,7010265,화곡고등학교,Hwagok High School,고등학교,서울특별시,강서구,서울특별시교육청,사립,7640,서울특별시 강서구 강서로45길 69,/ 화곡고등학교 (내발산동),070-8277-2900,http://hwagok.sen.hs.kr,남,02-2662-1825,일반고,N,일반계,,후기,주간,19780130,19780130,37.547936112544,126.831535677751
313,B10,서울특별시교육청,7011089,화곡보건경영고등학교,Hwagok Nursing And Business High School,고등학교,서울특별시,강서구,서울특별시교육청,사립,7638,서울특별시 강서구 강서로45길 70,(내발산동/ 화곡보건경영고등학교),070-8644-6300,http://www.hwagok-gii.hs.kr,여,02-2664-2803,특성화고,N,전문계,,전기,주간,19870108,19870916,37.5484055955739,126.832657307166
314,B10,서울특별시교육청,7010266,환일고등학교,Hwanil High School,고등학교,서울특별시,중구,서울특별시교육청,사립,4500,서울특별시 중구 환일길 47,(만리동2가),02-390-7113,http://hwanil.hs.kr,남,02-363-5200,일반고,N,일반계,,후기,주간,19470624,19470624,37.5537559309443,126.962588449936
315,B10,서울특별시교육청,7010766,효문고등학교,Hyomun High School,고등학교,서울특별시,도봉구,서울특별시교육청,공립,1372,서울특별시 도봉구 우이천로 432,(쌍문동/효문중 고등학교),02-992-0778,http://hyomun.sen.hs.kr,남여공학,02-992-0528,일반고,N,일반계,,후기,주간,20051229,20060605,37.6526987118348,127.0184004627
316,B10,서울특별시교육청,7010292,휘경공업고등학교,Hwigyeong Technical High School,고등학교,서울특별시,동대문구,서울특별시교육청,공립,2511,서울특별시 동대문구 겸재로 21,/ 휘경공업고등학교 (휘경동),02-2216-3643,http://hgt.sen.hs.kr,남여공학,02-2216-3646,특성화고,N,전문계,,전기,주간,19971220,19980702,37.585153012865,127.069450940954
317,B10,서울특별시교육청,7010267,휘경여자고등학교,Hwikyung Girls` High School,고등학교,서울특별시,동대문구,서울특별시교육청,사립,2503,서울특별시 동대문구 한천로 247,(휘경동/휘경여자고등학교),02-2245-2307,http://hwikyung.sen.hs.kr,여,02-2213-2803,일반고,N,일반계,,후기,주간,19750303,19750519,37.5819005156881,127.067434080061
318,B10,서울특별시교육청,7010268,휘문고등학교,Whimoon High School,고등학교,서울특별시,강남구,서울특별시교육청,사립,6183,서울특별시 강남구 역삼로 541,(대치동),02-500-9500,http://whimoon.hs.kr/,남,02-568-7079,자율고,N,일반계,,전기,주간,19060501,19060501,37.5052894535671,127.061993880621
319,B10,서울특별시교육청,7011113,휘봉고등학교,HWIBONG High School,고등학교,서울특별시,동대문구,서울특별시교육청,공립,2511,서울특별시 동대문구 한천로 290,(휘경동),02-2116-7211,http://hwibong.sen.hs.kr,남여공학,02-2249-7121,일반고,N,일반계,,후기,주간,20120106,20120501,37.5863723553049,127.068940658438
